Sentence:मंदिर के शीर्ष पर सोने की परत लगाई गई है ।,Sentence ID:dev-s44,NOUN ID:7,Word:परत,VERB ID:8,Word:लगाई,relation:obj
Sentence:मंदिर के शीर्ष पर सोने की परत लगाई गई है ।,Sentence ID:dev-s52,NOUN ID:7,Word:परत,VERB ID:8,Word:लगाई,relation:obj
Sentence:लोग बरबस इस सोने की परत चढ़े चैत्‍य के साथ फोटो खींचना चाहते हैं ।,Sentence ID:dev-s55,NOUN ID:6,Word:परत,VERB ID:7,Word:चढ़े,relation:obj
Sentence:लोग बरबस इस सोने की परत चढ़े चैत्‍य के साथ फोटो खींचना चाहते हैं ।,Sentence ID:dev-s55,NOUN ID:11,Word:फोटो,VERB ID:12,Word:खींचना,relation:obj
Sentence:उन्होंने मुशर्रफ पर एजेंडा बदलने और पीछे हटने का आरोप भी लगाया ।,Sentence ID:dev-s114,NOUN ID:4,Word:एजेंडा,VERB ID:5,Word:बदलने,relation:obj
Sentence:अब तो मुशर्रफ एक बयान देते हैं और अगले दिन उस पर पलट जाते हैं ।,Sentence ID:dev-s121,NOUN ID:5,Word:बयान,VERB ID:6,Word:देते,relation:obj
Sentence:शरीफ का यह भी कहना है कि पाकिस्तान के परमाणु वैज्ञानिकों के खिलाफ मुकदमा चलाया जाना गलत है ।,Sentence ID:dev-s123,NOUN ID:14,Word:मुकदमा,VERB ID:15,Word:चलाया,relation:obj
Sentence:समारोह के दौरान कनिष्ठ आचार्य विजयेंद्र सरस्वती ने यज्ञ और भजन के बाद पूर्ण आहुति देने के बाद स्वर्ण कलश ग्रहण किया ।,Sentence ID:dev-s134,NOUN ID:15,Word:आहुति,VERB ID:16,Word:देने,relation:obj
"Sentence:बल्कि, आंतरिक व अतिरिक्त बजटीय मदद का न होना ही इसकी मुख्य समस्या है ।",Sentence ID:dev-s142,NOUN ID:14,Word:समस्या,VERB ID:15,Word:है,relation:obj
Sentence:लोकपाल को सक्षम पुलिस व सीबीआई जैसी एजेंसी का समर्थन दिए जाने के प्रयास भी किए जा रहे हैं ।,Sentence ID:dev-s165,NOUN ID:10,Word:समर्थन,VERB ID:11,Word:दिए,relation:obj
Sentence:इसलिए सरकार ने तय किया है कि इस बारे में सभी के लिए समान कानून लाया जाए ।,Sentence ID:dev-s180,NOUN ID:15,Word:कानून,VERB ID:16,Word:लाया,relation:obj
"Sentence:भारद्वाज का मानना है कि सीवीसी सीबीआई के निदेशक और प्रवर्तन निदेशालय के निदेशकों की नियुक्ति का अनुमोदन करने का अधिकार रखता है, लेकिन उसके पास उतने कानूनी अधिकार नहीं हैं ।",Sentence ID:dev-s184,NOUN ID:21,Word:अधिकार,VERB ID:22,Word:रखता,relation:obj
Sentence:भारद्वाज का कहना है कि वह व्यापक लोकपाल विधेयक के जरिए इसे संपूर्ण बनाना चाहते हैं जिसमें आम लोग भी प्रशासनिक स्तर पर अपने काम रुकने या भ्रष्टाचार की शिकायतें कर सकें ।,Sentence ID:dev-s186,NOUN ID:25,Word:काम,VERB ID:26,Word:रुकने,relation:obj
Sentence:प्राधिकरण ने इसके लिए १३ जनवरी तक दोनों पक्षों से जवाब देने को कहा है ।,Sentence ID:dev-s189,NOUN ID:11,Word:जवाब,VERB ID:12,Word:देने,relation:obj
Sentence:दूरसंचार सेवा मुहैया कराने वाली टाटा टेलिसर्विस लिमिटेड और रिलायंस इंफोकॉम ने बाजार में कुछ समय पहले फिक्सड वायरलेस फोन उतारे थे ।,Sentence ID:dev-s194,NOUN ID:20,Word:फोन,VERB ID:21,Word:उतारे,relation:obj
Sentence:दूसरी ओर आडवाणी पर बयान वापस लेने का दबाव डालने वाले राष्ट्रीय स्वयं सेवक संघ ने उनके भाजपा अध्यक्ष पद से इस्तीफे को पार्टी का अंदरूनी मामला करार दिया ।,Sentence ID:dev-s204,NOUN ID:9,Word:दबाव,VERB ID:10,Word:डालने,relation:obj
"Sentence:इससे पहले आज कांग्रेस ने गठबंधन धर्म निभाते हुए झारखंड मुक्ति मोरचा के साथ विधानसभा सीटों के बंटवारे में पूरी दरियादिली का परिचय दिया और झामुमो को ३५ सीटें दे दीं, जो उसकी ३३ सीटों के मुकाबले दो कम हैं ।",Sentence ID:dev-s223,NOUN ID:7,Word:धर्म,VERB ID:8,Word:निभाते,relation:obj
"Sentence:इससे पहले आज कांग्रेस ने गठबंधन धर्म निभाते हुए झारखंड मुक्ति मोरचा के साथ विधानसभा सीटों के बंटवारे में पूरी दरियादिली का परिचय दिया और झामुमो को ३५ सीटें दे दीं, जो उसकी ३३ सीटों के मुकाबले दो कम हैं ।",Sentence ID:dev-s223,NOUN ID:23,Word:परिचय,VERB ID:24,Word:दिया,relation:obj
"Sentence:इससे पहले आज कांग्रेस ने गठबंधन धर्म निभाते हुए झारखंड मुक्ति मोरचा के साथ विधानसभा सीटों के बंटवारे में पूरी दरियादिली का परिचय दिया और झामुमो को ३५ सीटें दे दीं, जो उसकी ३३ सीटों के मुकाबले दो कम हैं ।",Sentence ID:dev-s223,NOUN ID:29,Word:सीटें,VERB ID:30,Word:दे,relation:obj
"Sentence:पादरी या नन अब धार्मिक और शैक्षिक कार्यो तक ही सीमित नहीं रहेंगे, बल्कि वे काले कोट पहनकर देश भर की अदालतों में जिरह करते भी नजर आ सकते हैं ।",Sentence ID:dev-s235,NOUN ID:18,Word:कोट,VERB ID:19,Word:पहनकर,relation:obj
"Sentence:अदालत ने बार काउंसिल की इस दलील को खारिज कर दिया कि धार्मिक कार्यो को अंजाम देना भी एक पेशा है, लिहाजा पादरी, नन और संन्यासिन कानूनी पेशे में प्रवेश के अधिकारी नहीं हैं ।",Sentence ID:dev-s242,NOUN ID:20,Word:पेशा,VERB ID:21,Word:है,relation:obj
Sentence:अदालत के फैसले पर सिस्टर टीना ने खुशी जताई है ।,Sentence ID:dev-s250,NOUN ID:8,Word:खुशी,VERB ID:9,Word:जताई,relation:obj
Sentence:इसके अलावा कांग्रेस और राजग ने संयुक्त राष्ट्र महासचिव कोफी अन्नान को लिखकर इस संबंध में सारे दस्तावेज मांगे हैं ।,Sentence ID:dev-s261,NOUN ID:18,Word:दस्तावेज,VERB ID:19,Word:मांगे,relation:obj
Sentence:राजग ने सोमवार राष्ट्रपति को भी इस संबंध में ज्ञापन सौंपा ।,Sentence ID:dev-s262,NOUN ID:10,Word:ज्ञापन,VERB ID:11,Word:सौंपा,relation:obj
Sentence:तेल दलाली मामले में दो - दो जांच आदेश के बाद नटवर सिंह पर इस्तीफा देने का दबाव बढ़ गया था ।,Sentence ID:dev-s264,NOUN ID:15,Word:इस्तीफा,VERB ID:16,Word:देने,relation:obj
Sentence:लेकिन नटवर की जिद को देखते हुए प्रधानमंत्री को यह रास्ता निकालना पड़ा ।,Sentence ID:dev-s271,NOUN ID:11,Word:रास्ता,VERB ID:12,Word:निकालना,relation:obj
Sentence:इस बीच नटवर ने वोल्कर रिपोर्ट को मृत रिपोर्ट का दर्जा दिया ।,Sentence ID:dev-s284,NOUN ID:11,Word:दर्जा,VERB ID:12,Word:दिया,relation:obj
Sentence:जबकि पूर्ववर्ती सरकार ने तस्लीमुद्दीन के खिलाफ मामला वापस लेने का मन बनाया था ।,Sentence ID:dev-s292,NOUN ID:12,Word:मन,VERB ID:13,Word:बनाया,relation:obj
Sentence:उल्लेखनीय है कि राबड़ी देवी सरकार ने २००४ में तस्लीमुद्दीन के खिलाफ मामले को वापस लेने का हलफनामा भरा था ।,Sentence ID:dev-s293,NOUN ID:18,Word:हलफनामा,VERB ID:19,Word:भरा,relation:obj
Sentence:आर्थिक सर्वेक्षण २००३ - ०४ में शिक्षा और स्वास्थ्य को आर्थिक विकास की मानव पूंजी घोषित किया गया है और इसे विकास के बुनियादी ढांचे के बराबर का दर्जा दिया गया है ।,Sentence ID:dev-s296,NOUN ID:29,Word:दर्जा,VERB ID:30,Word:दिया,relation:obj
Sentence:गरीबी की जड़ अशिक्षा है और यदि २००७ तक गरीबी में ५ फीसदी की कमी लानी है तो शिक्षा और स्वास्थ्य पर निवेश में बढ़ोतरी करनी होगी ।,Sentence ID:dev-s298,NOUN ID:15,Word:कमी,VERB ID:16,Word:लानी,relation:obj
Sentence:राष्ट्रीय जनता दल के अध्यक्ष व रेल मंत्री लालू प्रसाद यादव ने कहा है कि गोधरा मामले की फाइल दोबारा खोलने के विरोध में ही विपक्ष उन पर दबाव बना रहा है ।,Sentence ID:dev-s315,NOUN ID:29,Word:दबाव,VERB ID:30,Word:बना,relation:obj
Sentence:उन्होंने कहा कि विपक्ष उनका मनोबल तोड़ना चाहता है ।,Sentence ID:dev-s323,NOUN ID:6,Word:मनोबल,VERB ID:7,Word:तोड़ना,relation:obj
"Sentence:संसद भवन में प्रेस कांफ्रेंस बुलाकर लालू ने १३ दिसंबर, २००० को लोकसभा में नियम - १८४ के तहत अयोध्या मामले में आरोपी मंत्रियों के मुद्दे पर हुई बहस का ब्योरा रखा ।",Sentence ID:dev-s325,NOUN ID:5,Word:कांफ्रेंस,VERB ID:6,Word:बुलाकर,relation:obj
"Sentence:संसद भवन में प्रेस कांफ्रेंस बुलाकर लालू ने १३ दिसंबर, २००० को लोकसभा में नियम - १८४ के तहत अयोध्या मामले में आरोपी मंत्रियों के मुद्दे पर हुई बहस का ब्योरा रखा ।",Sentence ID:dev-s325,NOUN ID:32,Word:ब्योरा,VERB ID:33,Word:रखा,relation:obj
"Sentence:वाजपेयी ने कहा था, जिन मंत्रियों को मंत्रिमंडल से हटाने की बात की जा रही है, उनके त्यागपत्र लेने का सवाल ही नहीं पैदा होता है ।",Sentence ID:dev-s328,NOUN ID:20,Word:त्यागपत्र,VERB ID:21,Word:लेने,relation:obj
"Sentence:वहीं राज्यसभा में वाजपेयी ने कहा, 'मंत्री नियुक्त करना मेरी जिम्मेदारी है और प्रधानमंत्री के नाते त्यागपत्र लेना भी मेरी जिम्मेदारी है ।",Sentence ID:dev-s330,NOUN ID:13,Word:जिम्मेदारी,VERB ID:14,Word:है,relation:obj
"Sentence:वहीं राज्यसभा में वाजपेयी ने कहा, 'मंत्री नियुक्त करना मेरी जिम्मेदारी है और प्रधानमंत्री के नाते त्यागपत्र लेना भी मेरी जिम्मेदारी है ।",Sentence ID:dev-s330,NOUN ID:19,Word:त्यागपत्र,VERB ID:20,Word:लेना,relation:obj
"Sentence:वहीं राज्यसभा में वाजपेयी ने कहा, 'मंत्री नियुक्त करना मेरी जिम्मेदारी है और प्रधानमंत्री के नाते त्यागपत्र लेना भी मेरी जिम्मेदारी है ।",Sentence ID:dev-s330,NOUN ID:23,Word:जिम्मेदारी,VERB ID:24,Word:है,relation:obj
Sentence:वाजपेयी के बयानों का हवाला देते हुए लालू ने कहा कि राजग के प्रधानमंत्री जहां अपने मंत्रियों का बचाव कर रहे थे वहीं अब वे हमारे इस्तीफे की मांग कर रहे हैं ।,Sentence ID:dev-s332,NOUN ID:5,Word:हवाला,VERB ID:6,Word:देते,relation:obj
Sentence:कारगिल क्षेत्र में पाकिस्तानी घुसपैठ के बारे में सबसे पहले जानकारी देने वाले अवकाश प्राप्त ब्रिगेडियर सुरिंदर सिंह ने कहा है कि टाइगर हिल के निकट नियंत्रण रेखा के ३०० मीटर अंदर स्थित प्वाइंट ५३५३ अब भी पाकिस्तान के कब्जे में है ।,Sentence ID:dev-s336,NOUN ID:11,Word:जानकारी,VERB ID:12,Word:देने,relation:obj
Sentence:ब्रिगेडियर सिंह ने आरोप लगाया है कि इस समिति का गठन सरकार की विफलता को छिपाने के साथ - साथ वरिष्ठ अधिकारियों को बचाने के लिए किया गया था ।,Sentence ID:dev-s339,NOUN ID:4,Word:आरोप,VERB ID:5,Word:लगाया,relation:obj
Sentence:ब्रितानी हुकूमत की ग्रीष्मकालीन राजधानी रही शिमला की शीतल बयार में फुरसत के दिन गुजारने आई प्रियंका गांधी वढेरा ने सोमवार को रिट्रीट के दीदार करने की हसरत पूरी कर ली ।,Sentence ID:dev-s342,NOUN ID:5,Word:राजधानी,VERB ID:6,Word:रही,relation:obj
Sentence:यहां राष्ट्रपति व प्रधानमंत्री गर्मियों की छुट्टियां बिताने आते रहे हैं ।,Sentence ID:dev-s347,NOUN ID:7,Word:छुट्टियां,VERB ID:8,Word:बिताने,relation:obj
Sentence:बताते हैं कि विमान उड़ाने के शौकीन राजीव की पहल पर ही हेलीपैड के दिन बहुतेरे थे ।,Sentence ID:dev-s354,NOUN ID:4,Word:विमान,VERB ID:5,Word:उड़ाने,relation:obj
Sentence:हालांकि चर्चाएं तो ये भी थीं कि मुख्यमंत्री व पीसीसी चीफ वढ़ेरा दंपत्ति को भोज की दावत दे सकते हैं ।,Sentence ID:dev-s367,NOUN ID:17,Word:दावत,VERB ID:18,Word:दे,relation:obj
Sentence:ताजा हिमपात होने से घाटी के तापमान में गिरावट आने के कारण लोगों ने गर्म वस्त्र पहनने शुरू कर दिए ।,Sentence ID:dev-s370,NOUN ID:16,Word:वस्त्र,VERB ID:17,Word:पहनने,relation:obj
Sentence:प्राप्त सूत्रों के अनुसार घाटी के ऊंचे क्षेत्रों में ड्रिलबु पीक व संमजोतर पीक में हल्का हिमपात होने से घाटी के तापमान पर काफी गिरावट दर्ज की गई जिससे घाटी के लोगों ने पुनः गर्म कपड़ों को पहनना शुरू कर दिया ।,Sentence ID:dev-s376,NOUN ID:17,Word:हिमपात,VERB ID:18,Word:होने,relation:obj
Sentence:श्री रिजवी ने बताया कि समिति ने अब तक अयोध्या प्रकरण के समाधान के लिए विचार मंथन चक्र चलाया ।,Sentence ID:dev-s389,NOUN ID:18,Word:चक्र,VERB ID:19,Word:चलाया,relation:obj
Sentence:आर्थिक सर्वेक्षण में जताई गई आशंकाओं के बीच बृहस्पतिवार को पेश होने वाले केंद्रीय बजट में कुछ साहसी निर्णय लिए जाने की उम्मीद है ।,Sentence ID:dev-s404,NOUN ID:19,Word:निर्णय,VERB ID:20,Word:लिए,relation:obj
Sentence:सरकार वित्तीय घाटे और खर्च पर अंकुश लगाने के साथ वेतनभोगी वर्ग को टैक्स में राहत दे सकती है ।,Sentence ID:dev-s405,NOUN ID:7,Word:अंकुश,VERB ID:8,Word:लगाने,relation:obj
Sentence:सरकार वित्तीय घाटे और खर्च पर अंकुश लगाने के साथ वेतनभोगी वर्ग को टैक्स में राहत दे सकती है ।,Sentence ID:dev-s405,NOUN ID:16,Word:राहत,VERB ID:17,Word:दे,relation:obj
Sentence:इस बात की पूरी उम्मीद है कि पूर्ववर्तियों से सबक लेते हुए वह एक ही हिस्से में बजट पेश करें ।,Sentence ID:dev-s407,NOUN ID:10,Word:सबक,VERB ID:11,Word:लेते,relation:obj
"Sentence:इस बजट में आयकर छूट सीमा 70,000 - 1,00,000 करने तथा बुनियादी शिक्षा के लिए धन जुटाने के मकसद से प्रत्यक्ष करों पर दो फीसदी उपकर लगाए जाने की आशा है ।",Sentence ID:dev-s408,NOUN ID:16,Word:धन,VERB ID:17,Word:जुटाने,relation:obj
"Sentence:इस बजट में आयकर छूट सीमा 70,000 - 1,00,000 करने तथा बुनियादी शिक्षा के लिए धन जुटाने के मकसद से प्रत्यक्ष करों पर दो फीसदी उपकर लगाए जाने की आशा है ।",Sentence ID:dev-s408,NOUN ID:26,Word:उपकर,VERB ID:27,Word:लगाए,relation:obj
Sentence:यह वित्तीय घाटे को कम करने के लिए सरकार के प्रयासों का मुख्य आधार बनेगा ।,Sentence ID:dev-s411,NOUN ID:14,Word:आधार,VERB ID:15,Word:बनेगा,relation:obj
"Sentence:सूत्रों ने बताया कि वित्त मंत्री 3 फीसदी अधिभार हटा सकते हैं, लेकिन उसके बदले 2 फीसदी उपकर लगाया जा सकता है ।",Sentence ID:dev-s418,NOUN ID:9,Word:अधिभार,VERB ID:10,Word:हटा,relation:obj
"Sentence:सूत्रों ने बताया कि वित्त मंत्री 3 फीसदी अधिभार हटा सकते हैं, लेकिन उसके बदले 2 फीसदी उपकर लगाया जा सकता है ।",Sentence ID:dev-s418,NOUN ID:19,Word:उपकर,VERB ID:20,Word:लगाया,relation:obj
Sentence:राज्यसभा सांसद और रिलायंस समूह के उपाध्यक्ष अनिल अंबानी ने अपना फोन टैप किये जाने का सनसनीखेज आरोप लगाया है ।,Sentence ID:dev-s421,NOUN ID:18,Word:आरोप,VERB ID:19,Word:लगाया,relation:obj
Sentence:गृह मंत्रालय ने धमकी भरे फोन मिलने की शिकायत के बाद अनिल को पिछले महीने ही सुरक्षा प्रदान की थी ।,Sentence ID:dev-s431,NOUN ID:4,Word:धमकी,VERB ID:5,Word:भरे,relation:obj
Sentence:गृह मंत्रालय ने धमकी भरे फोन मिलने की शिकायत के बाद अनिल को पिछले महीने ही सुरक्षा प्रदान की थी ।,Sentence ID:dev-s431,NOUN ID:6,Word:फोन,VERB ID:7,Word:मिलने,relation:obj
Sentence:अनिल ने कहा कि यदि इन लोगों ने यह हरकत की है तो संसद के चुने हुए सदस्य और एक नागरिक के तौर पर उनके संवैधानिक अधिकारों के संपूर्ण उल्लंघन और उनकी निजता का आपराधिक हनन है ।,Sentence ID:dev-s434,NOUN ID:10,Word:हरकत,VERB ID:11,Word:की,relation:obj
Sentence:अनिल ने इसमें लिखा है कि आरोपों की गंभीरता को देखते हुए वह एक सक्षम सरकारी एजेंसी से मामले की तत्काल जांच के आदेश देने का अनुरोध करते हैं ।,Sentence ID:dev-s435,NOUN ID:24,Word:आदेश,VERB ID:25,Word:देने,relation:obj
Sentence:पूर्वी दिल्ली जिला पुलिस कार्यालय परिसर से सटे भोलानाथ नगर स्थित तिमंजिला हौज़री फैक्टरी में आग लगने से 12 कारीगर काल के गाल में समा गए ।,Sentence ID:dev-s436,NOUN ID:16,Word:आग,VERB ID:17,Word:लगने,relation:obj
Sentence:पांच कारीगर जान बचाने के लिए दूसरी मंजिल से कूद गए और घायल हो गए ।,Sentence ID:dev-s437,NOUN ID:3,Word:जान,VERB ID:4,Word:बचाने,relation:obj
Sentence:फैक्टरी में लाखों रुपये का सामान जलकर राख हो गया ।,Sentence ID:dev-s439,NOUN ID:6,Word:सामान,VERB ID:7,Word:जलकर,relation:obj
Sentence:फैक्टरी में लाखों रुपये का सामान जलकर राख हो गया ।,Sentence ID:dev-s439,NOUN ID:8,Word:राख,VERB ID:9,Word:हो,relation:obj
Sentence:आग पर काबू पाने के लिए दमकल की करीब तीन दर्जन गाड़ियां भेजी गई और लगभग 75 से अधिक दमकलकर्मियों को चार घंटे तक जूझना पड़ा ।,Sentence ID:dev-s441,NOUN ID:12,Word:गाड़ियां,VERB ID:13,Word:भेजी,relation:obj
Sentence:बताया जाता है कि इस फैक्टरी में पेरिस ब्यूटी के नाम से अंतःवस्त्र बनाए जाते हैं ।,Sentence ID:dev-s447,NOUN ID:13,Word:अंतःवस्त्र,VERB ID:14,Word:बनाए,relation:obj
Sentence:फैक्टरी की पहली मंजिल तथा दूसरी मंजिल पर फोम तथा अन्य हौज़री का सामान रखा था ।,Sentence ID:dev-s450,NOUN ID:14,Word:सामान,VERB ID:15,Word:रखा,relation:obj
Sentence:फोम तथा कपड़ों में लगी आग ने चंद ही मिनटों में उग्र रूप ले लिया ।,Sentence ID:dev-s452,NOUN ID:13,Word:रूप,VERB ID:14,Word:ले,relation:obj
Sentence:घटनास्थल पर मौजूद लोगों ने बताया कि ऊपर से कूदने की वजह से संजय नामक कारीगर के पैरों में चोट आई ।,Sentence ID:dev-s454,NOUN ID:20,Word:चोट,VERB ID:21,Word:आई,relation:obj
Sentence:फैक्टरी से आग की लपटें बराबर के मकानों तक पहुंचने लगीं तो लोगों में खलबली मच गई ।,Sentence ID:dev-s455,NOUN ID:15,Word:खलबली,VERB ID:16,Word:मच,relation:obj
Sentence:मकान नंबर 1993ए निवासी मंगल सेन जैन तथा 1993बी निवासी राजीव जैन ने बताया कि आग की वजह से उनके मकानों की दीवारों में दरार आ गई और ऊपरी हिस्सा टूट गया ।,Sentence ID:dev-s456,NOUN ID:25,Word:दरार,VERB ID:26,Word:आ,relation:obj
Sentence:करीब 11 बजे दमकल विभाग तथा पुलिस नियंत्रण कक्ष को आग लगने की सूचना दी गई ।,Sentence ID:dev-s458,NOUN ID:14,Word:सूचना,VERB ID:15,Word:दी,relation:obj
Sentence:करीब पौने दो बजे आग पर काबू पाया गया ।,Sentence ID:dev-s459,NOUN ID:7,Word:काबू,VERB ID:8,Word:पाया,relation:obj
Sentence:कांग्रेस का तर्क यह भी है कि लोकसभा उपाध्यक्ष का पद परंपरा के मुताबिक विपक्ष को प्रस्तावित था और एनडीए ने अकाली दल को यह पद दे दिया ।,Sentence ID:dev-s474,NOUN ID:26,Word:पद,VERB ID:27,Word:दे,relation:obj
Sentence:केंद्रीय विद्यालय की १०वीं की छात्रा सृष्टि कृष्णमूर्ति के पिता और स्कूल के प्रधानाचार्य ने बताया कि सृष्टि ने भारत - पाक क्रिकेट सीरीज़ के बाद 'सिंबायोसिस' शीर्षक से एक कविता लिखकर मुशर्रफ को भेजी थी ।,Sentence ID:dev-s488,NOUN ID:33,Word:कविता,VERB ID:34,Word:लिखकर,relation:obj
Sentence:सृष्टि के पिता ने बताया कि भारत - पाक संबंधों में पुल का काम करने वाली क्रिकेट सीरीज से प्रसन्न पाकिस्तान के राष्ट्रपति ने सृष्टि को भेजे गए पत्र में उसकी बुद्धिमत्ता की जमकर तारीफ की है ।,Sentence ID:dev-s492,NOUN ID:14,Word:काम,VERB ID:15,Word:करने,relation:obj
Sentence:भारतीय क्रिकेट बोर्ड के सचिव एस. के. नायर द्वारा बुधवार को यहां घोषित टीम में पार्थिव पटेल को अतिरिक्त विकेटकीपर के रूप में स्थान दिया गया है ।,Sentence ID:dev-s506,NOUN ID:24,Word:स्थान,VERB ID:25,Word:दिया,relation:obj
Sentence:बाएं हाथ के तेज गेंदबाज जहीर खान व आशीष नेहरा भी श्रीलंका में १६ जुलाई से शुरू हो रहे एशिया कप टूर्नामेंट के लिए टीम में जगह बनाने में कामयाब रहे ।,Sentence ID:dev-s510,NOUN ID:27,Word:जगह,VERB ID:28,Word:बनाने,relation:obj
"Sentence:यूपीए सरकार ने आठ फीसदी की विकास दर को बनाए रखने के लिए अपनी प्राथमिकताएं तय करते हुए इसे हासिल करने के लिए कृषि, शिक्षा, स्वास्थ्य व बुनियादी क्षेत्र पर विशेष घ्यान देने की बात कही है ।",Sentence ID:dev-s522,NOUN ID:37,Word:बात,VERB ID:38,Word:कही,relation:obj
Sentence:सर्वे में कहा गया है कि कृषि क्षेत्र में कार्य कर रहे अतिरिक्त श्रमिकों को उद्योग में रोजगार देने और इसके लिए कृषि प्रसंस्करण उद्योगों को बढ़ावा देने के लिए विशेष अभियान चलाया जाएगा ।,Sentence ID:dev-s535,NOUN ID:10,Word:कार्य,VERB ID:11,Word:कर,relation:obj
Sentence:सर्वे में कहा गया है कि कृषि क्षेत्र में कार्य कर रहे अतिरिक्त श्रमिकों को उद्योग में रोजगार देने और इसके लिए कृषि प्रसंस्करण उद्योगों को बढ़ावा देने के लिए विशेष अभियान चलाया जाएगा ।,Sentence ID:dev-s535,NOUN ID:18,Word:रोजगार,VERB ID:19,Word:देने,relation:obj
Sentence:सर्वे में कहा गया है कि कृषि क्षेत्र में कार्य कर रहे अतिरिक्त श्रमिकों को उद्योग में रोजगार देने और इसके लिए कृषि प्रसंस्करण उद्योगों को बढ़ावा देने के लिए विशेष अभियान चलाया जाएगा ।,Sentence ID:dev-s535,NOUN ID:32,Word:अभियान,VERB ID:33,Word:चलाया,relation:obj
Sentence:सरकार ने मुद्रा स्फीति पर नियंत्रण रखने की वचनबद्धता दोहराई है ।,Sentence ID:dev-s536,NOUN ID:9,Word:वचनबद्धता,VERB ID:10,Word:दोहराई,relation:obj
Sentence:आर्थिक सर्वेक्षण २००४ में कहा गया है कि सामाजिक इन्फ्रास्ट्रक्चर को भौतिक इन्फ्रास्ट्रक्चर के बराबर महत्व देने की गरज से राष्ट्रीय साझा न्यूनतम कार्यक्रम के अनुरूप शिक्षा और स्वास्थ्य पर विशेष बल दिया जाएगा ।,Sentence ID:dev-s538,NOUN ID:32,Word:बल,VERB ID:33,Word:दिया,relation:obj
"Sentence:नतीजतन, बजट अनुमान २००३ - ०४ में शिक्षा और स्वास्थ्य पर सार्वजनिक व्यय को बढ़ा कर जीडीपी का क्रमशः ६ फीसदी और २ - ३ फीसदी करने का निर्णय लिया गया है ।",Sentence ID:dev-s539,NOUN ID:30,Word:निर्णय,VERB ID:31,Word:लिया,relation:obj
Sentence:चैरीटेबल अस्पताल बनाने के नाम पर ७० लोगों ने सरकार से भूमि ली है ।,Sentence ID:dev-s561,NOUN ID:2,Word:अस्पताल,VERB ID:3,Word:बनाने,relation:obj
Sentence:चैरीटेबल अस्पताल बनाने के नाम पर ७० लोगों ने सरकार से भूमि ली है ।,Sentence ID:dev-s561,NOUN ID:12,Word:भूमि,VERB ID:13,Word:ली,relation:obj
Sentence:दाखिले के समय मरीज़ से फार्म भराकर कि उसकी आय दो हजार रुपये मासिक से ज्यादा नहीं है और इलाज शुरू कर दें ।,Sentence ID:dev-s567,NOUN ID:6,Word:फार्म,VERB ID:7,Word:भराकर,relation:obj
Sentence:अदालत ने कमेटी की इस रिपोर्ट को भी गंभीरता से लिया कि सस्ती दर पर भूमि लेने वाले २८ अस्पतालों का कोई पता नहीं है और बताए पते पर उनका कोई रिकार्ड ही नहीं है ।,Sentence ID:dev-s569,NOUN ID:16,Word:भूमि,VERB ID:17,Word:लेने,relation:obj
Sentence:इसी प्रकार खंडपीठ ने मुख्य सचिव को निर्देश दिया कि वे कमेटी की रिपोर्ट के अनुसार सभी अस्पतालों में नोटिस बोर्ड लगवाएँ जिसमें तय निशुल्क बेड की संख्या और अन्य प्रकार की जानकारी दी जाए ।,Sentence ID:dev-s571,NOUN ID:8,Word:निर्देश,VERB ID:9,Word:दिया,relation:obj
Sentence:इसी प्रकार खंडपीठ ने मुख्य सचिव को निर्देश दिया कि वे कमेटी की रिपोर्ट के अनुसार सभी अस्पतालों में नोटिस बोर्ड लगवाएँ जिसमें तय निशुल्क बेड की संख्या और अन्य प्रकार की जानकारी दी जाए ।,Sentence ID:dev-s571,NOUN ID:21,Word:बोर्ड,VERB ID:22,Word:लगवाएँ,relation:obj
Sentence:कमेटी ने पाँच हजार मासिक आय तक के परिवार को निःशुल्क इलाज की सुविधा देने की सिफारिश की ।,Sentence ID:dev-s576,NOUN ID:14,Word:सुविधा,VERB ID:15,Word:देने,relation:obj
Sentence:प्रतिनिधिमंडल ने बिहार में बिजली की स्थिति से प्रधानमंत्री को अवगत कराते हुए राज्य में परमाणु रिएक्टर की स्थापना की माँग रखी ।,Sentence ID:dev-s578,NOUN ID:21,Word:माँग,VERB ID:22,Word:रखी,relation:obj
Sentence:इसके बाद दिल्ली पुलिस ने पूरी योजना के साथ पटियाला में डेरा डाला ।,Sentence ID:dev-s586,NOUN ID:12,Word:डेरा,VERB ID:13,Word:डाला,relation:obj
Sentence:भनक लगते ही कार में बैठे दोनों व्यक्ति भागने लगे ।,Sentence ID:dev-s589,NOUN ID:1,Word:भनक,VERB ID:2,Word:लगते,relation:obj
Sentence:मार्केट की ओर भागे व्यक्ति को पुलिस ने दौड़ाकर उसकी कनपटी पर पिस्तौल लगाकर काबू कर लिया ।,Sentence ID:dev-s591,NOUN ID:13,Word:पिस्तौल,VERB ID:14,Word:लगाकर,relation:obj
Sentence:पंजाब पुलिस का कहना था कि उसके अधिकार क्षेत्र में हवारा को पकड़ने की कार्रवाई उसको जानकारी देने के बाद होनी चाहिए थी ।,Sentence ID:dev-s596,NOUN ID:17,Word:जानकारी,VERB ID:18,Word:देने,relation:obj
Sentence:कॉल सोमवार से शुरू हुए २५ विकासशील देशों के वित्त नियंत्रकों एवं ऑडिटरों के लिए आयोजित एक माह के अंतर्राष्ट्रीय प्रशिक्षण कार्यक्रम का उद्घाटन कर रहे थे ।,Sentence ID:dev-s602,NOUN ID:4,Word:शुरू,VERB ID:5,Word:हुए,relation:obj
"Sentence:इस कार्यक्रम में भारत के अलावा अफगानिस्तान, बांग्लादेश, कोरिया, थाईलैंड, वियतनाम, मॉरीशस, नेपाल, ओमान, श्रीलंका, घाना व उजबेकिस्तान के प्रतिनिधि भाग ले रहे हैं ।",Sentence ID:dev-s603,NOUN ID:30,Word:भाग,VERB ID:31,Word:ले,relation:obj
Sentence:कॉल ने कहा कि आम जनता के हित में विनिवेश की पूरी प्रक्रिया की आर्थिक जानकारी उपलब्ध कराना ऑडिटरों की जिम्मेदारी है ।,Sentence ID:dev-s604,NOUN ID:21,Word:जिम्मेदारी,VERB ID:22,Word:है,relation:obj
Sentence:इस स्थिति में सार्वजनिक उपक्रमों को अपने काम - काज के तरीके में बदलाव लाने की जरूरत है ।,Sentence ID:dev-s607,NOUN ID:14,Word:बदलाव,VERB ID:15,Word:लाने,relation:obj
Sentence:जनता दल यू के वरिष्ठ नेता नितीश कुमार ने पिछले लोकसभा चुनाव के दौरान विशेष पर्यवेक्षक रहे एल. वी. सप्तऋषि को चुनाव आयोग पर आरोप लगाने के कारण बर्खास्त करने की माँग की है ।,Sentence ID:dev-s611,NOUN ID:25,Word:आरोप,VERB ID:26,Word:लगाने,relation:obj
Sentence:उन्होंने वाशिंगटन स्थित इन वरिष्ठ सुरक्षा अधिकारियों से अधिकतम चौकसी बरतने को कहा ।,Sentence ID:dev-s625,NOUN ID:10,Word:चौकसी,VERB ID:11,Word:बरतने,relation:obj
Sentence:अगर लंदन में धमाके नहीं होते तो इस शिखर बैठक में तापमान परिवर्तन प्रमुख मुद्दा बना रहता और इस पर जी - ८ देशों में मतभेद भी लक्षित हो सकते थे ।,Sentence ID:dev-s630,NOUN ID:15,Word:मुद्दा,VERB ID:16,Word:बना,relation:obj
Sentence:जम्मू - कश्मीर के पुंछ जिले में शुक्रवार को सेना और आतंकियों के बीच हुई मुठभेड़ में लश्कर - ए - ताइबा के तीन आतंकी मारे गए ।,Sentence ID:dev-s633,NOUN ID:25,Word:आतंकी,VERB ID:26,Word:मारे,relation:obj
Sentence:सेना द्वारा चुनौती देने पर आतंकियों ने गोली चलानी शुरू कर दी ।,Sentence ID:dev-s639,NOUN ID:8,Word:गोली,VERB ID:9,Word:चलानी,relation:obj
Sentence:स्थायी समिति के अध्यक्ष प्रोफेसर राम गोपाल यादव का कहना है कि स्थायी समिति यह महसूस करती है कि राज्य सरकारें फसलों के लिए जो मूल्य तय करने के सुझाव देती हैं ।,Sentence ID:dev-s652,NOUN ID:30,Word:सुझाव,VERB ID:31,Word:देती,relation:obj
"Sentence:रामदास ने यह भी संकेत दिया कि जो राज्य ईएमएस सेंटर की स्थापना करेगा, उसे केंद्रीय स्वास्थ्य मंत्रालय की ओर से वित्तीय मदद दी जाएगी ।",Sentence ID:dev-s676,NOUN ID:24,Word:मदद,VERB ID:25,Word:दी,relation:obj
"Sentence:अदालत ने कहा है कि इस बात की जाँच की जाएगी कि क्या राज्यपाल ने दुर्भावनाओं से ग्रस्त होकर केंद्र को रिपोर्ट भेजी थी, जिसकी वजह से राष्ट्रपति शासन लगाया गया ।",Sentence ID:dev-s689,NOUN ID:22,Word:रिपोर्ट,VERB ID:23,Word:भेजी,relation:obj
Sentence:हालांकि अदालत ने यह साफ कर दिया कि राज्यपाल ने अगर दुर्भावनाओं से ग्रस्त होकर इस बाबत फैसला लिया है तो यह उनके विशेषाधिकार के दायरे से बाहर है और अदालत को इस मामले की जाँच का अधिकार है ।,Sentence ID:dev-s691,NOUN ID:18,Word:फैसला,VERB ID:19,Word:लिया,relation:obj
Sentence:अदालत ने चुनाव आयोग द्वारा बिहार विधानसभा चुनाव की घोषणा के मद्देनज़र सुनवाई की तारीख घटा दी है ।,Sentence ID:dev-s693,NOUN ID:15,Word:तारीख,VERB ID:16,Word:घटा,relation:obj
"Sentence:सरकार ने पिछले साल के १६,९०६ करोड़ रुपये के पूँजी प्रावधान को दोगुना करते हुए ३३,४८२ करोड़ रुपये किया है ।",Sentence ID:dev-s700,NOUN ID:18,Word:रुपये,VERB ID:19,Word:किया,relation:obj
Sentence:अगर पूँजी प्रावधानों पर नजर दौड़ाई जाए तो थल सेना के लिए बजट अनुमान में कमी आई है जबकि वायु और नौ सेना के लिए मामूली वृद्धि की गई है ।,Sentence ID:dev-s705,NOUN ID:5,Word:नजर,VERB ID:6,Word:दौड़ाई,relation:obj
"Sentence:जबकि नौ सेना के लिए पिछले साल संशोधित अनुमान ४,९१० करोड़ रखा गया था जिसे मौजूदा वित्त वर्ष में बढ़ा कर ५,२९३ करोड़ रुपये कर दिया गया है ।",Sentence ID:dev-s707,NOUN ID:24,Word:रुपये,VERB ID:25,Word:कर,relation:obj
"Sentence:वहीं, वायु सेना के लिए ७८४७.२९ करोड़ रुपये को बढ़ाकर ८४६८.४० करोड़ रुपये कर दिया गया है ।",Sentence ID:dev-s708,NOUN ID:14,Word:रुपये,VERB ID:15,Word:कर,relation:obj
Sentence:डीआरडीओ को मौजूदा बजट में २३४३.१६ करोड़ रुपये आवंटित किए गए हैं जबकि पिछले साल के संशोधित अनुमान में २६९९.२० करोड़ रुपये की बात कही गई थी ।,Sentence ID:dev-s710,NOUN ID:24,Word:बात,VERB ID:25,Word:कही,relation:obj
Sentence:बीते तीन सालों के दौरान कार खरीदने वाले अपने को ठगा महसूस कर सकते हैं ।,Sentence ID:dev-s711,NOUN ID:6,Word:कार,VERB ID:7,Word:खरीदने,relation:obj
"Sentence:कैग की रिपोर्ट के मुताबिक २००१ से २००४ के दौरान वित्त मंत्रालय द्वारा कारों पर कर घटाने के बावजूद मारुति, टाटा मोटर्स, होंडा और महेंद्रा एंड महेंद्रा जैसी दिग्गज कंपनियों ने उपभोक्ताओं को किसी तरह की रियायत नहीं दी ।",Sentence ID:dev-s712,NOUN ID:16,Word:कर,VERB ID:17,Word:घटाने,relation:obj
Sentence:गौरतलब है कि वित्त मंत्रालय ने २००० - ०१ के दौरान कारों पर १६ फीसदी उत्पाद शुल्क घटाया था ।,Sentence ID:dev-s718,NOUN ID:17,Word:शुल्क,VERB ID:18,Word:घटाया,relation:obj
Sentence:बल्कि कुछ कंपनियों ने तो दस महीने बाद ही कारों के दाम बढ़ा दिए ।,Sentence ID:dev-s724,NOUN ID:12,Word:दाम,VERB ID:13,Word:बढ़ा,relation:obj
Sentence:उसके बाद उस बांग्लादेशी आव्रजक युवती की शिकायत पर स्थानीय जमात ने उल्टे उसे उसके पति को तलाक देने का फरमान सुनाया है ।,Sentence ID:dev-s729,NOUN ID:21,Word:फरमान,VERB ID:22,Word:सुनाया,relation:obj
Sentence:इन लोगों ने इस बलात्कार की सूचना पुलिस को नहीं दी और स्थानीय धार्मिक बुजुर्गों के पास गए जिन्होंने युवती को उसके पति को तलाक देने का फरमान सुना दिया ।,Sentence ID:dev-s734,NOUN ID:28,Word:फरमान,VERB ID:29,Word:सुना,relation:obj
Sentence:इससे पहले पिछले महीने दारुल उलूम देवबंद ने २८ वर्षीय पांच बच्चों की माँ से उसके ससुर के बलात्कार करने पर महिला को अपने पति के साथ नहीं रहने का फरमान सुनाया था ।,Sentence ID:dev-s740,NOUN ID:31,Word:फरमान,VERB ID:32,Word:सुनाया,relation:obj
Sentence:प्रधानमंत्री मनमोहन सिंह ने शुक्रवार को आतंकवाद को कायरतापूर्ण कृत करार देते हुए कहा कि लोकतंत्र में आस्था रखने वाले देशों को मिलकर इसका मुकाबला करना चाहिए ।,Sentence ID:dev-s742,NOUN ID:18,Word:आस्था,VERB ID:19,Word:रखने,relation:obj
Sentence:इस अवसर पर आयोजित समारोह को संबोधित करते हुए सिंह ने कहा कि लोकतंत्र और कानून के शासन में आस्था रखने वालों को चाहिए कि वे मिलकर आतंकवाद का मुकाबला करें ।,Sentence ID:dev-s744,NOUN ID:20,Word:आस्था,VERB ID:21,Word:रखने,relation:obj
Sentence:इस घटना पर शोक जताते हुए प्रधानमंत्री ने कहा कि संकट की इस घड़ी में भारतीय ब्रिटेन के साथ हैं ।,Sentence ID:dev-s746,NOUN ID:4,Word:शोक,VERB ID:5,Word:जताते,relation:obj
Sentence:अयोध्या में आतंकी हमले का जिक्र करते हुए मनमोहन सिंह ने कहा कि आतंकवाद विश्व के सभी देशों के लिए खतरा बन गया है ।,Sentence ID:dev-s747,NOUN ID:21,Word:खतरा,VERB ID:22,Word:बन,relation:obj
Sentence:उन्होंने आगे कहा कि बहादुरी भरे कारनामों के मद्देनज़र पुलिसकर्मियों के लिए बारी से पहले प्रोन्नति देने का प्रावधान है ।,Sentence ID:dev-s758,NOUN ID:16,Word:प्रोन्नति,VERB ID:17,Word:देने,relation:obj
Sentence:समझा जाता है कि बाद में जब लालाराम ने सीमा के साथ जबरन शारीरिक संबंध बनाया तो गुस्साए गुर्जर ने लालाराम गिरोह से अलग होकर अपना एक अलग गिरोह बना लिया ।,Sentence ID:dev-s760,NOUN ID:15,Word:संबंध,VERB ID:16,Word:बनाया,relation:obj
Sentence:समझा जाता है कि बाद में जब लालाराम ने सीमा के साथ जबरन शारीरिक संबंध बनाया तो गुस्साए गुर्जर ने लालाराम गिरोह से अलग होकर अपना एक अलग गिरोह बना लिया ।,Sentence ID:dev-s760,NOUN ID:29,Word:गिरोह,VERB ID:30,Word:बना,relation:obj
Sentence:पासवान ने कहा कि उन्होंने अपने कार्यकर्ताओं से राज्य की सभी २४३ सीटों से चुनाव लड़ने के लिए तैयार रहने को कहा है ।,Sentence ID:dev-s779,NOUN ID:15,Word:चुनाव,VERB ID:16,Word:लड़ने,relation:obj
Sentence:नानावटी रिपोर्ट में केंद्रीय वाणिज्य मंत्री कमलनाथ और कांग्रेस के वरिष्ठ नेता वसंत साठे को १९८४ के दंगों के मामले में क्लीन चिट दी गई है ।,Sentence ID:dev-s781,NOUN ID:23,Word:चिट,VERB ID:24,Word:दी,relation:obj
Sentence:बहरहाल आयोग को दंगे भड़काने में भूमिका होने की बाबत उनके खिलाफ कोई साक्ष्य नहीं मिला है ।,Sentence ID:dev-s790,NOUN ID:4,Word:दंगे,VERB ID:5,Word:भड़काने,relation:obj
Sentence:साठे का जवाब है कि उस दिन ग्यारह बजे के आसपास वे तीन मूर्ति भवन में मौजूद थे जहां इंदिरा का पार्थिव शरीर रखा गया था ।,Sentence ID:dev-s793,NOUN ID:23,Word:शरीर,VERB ID:24,Word:रखा,relation:obj
Sentence:वहां इस दौरान उन्होंने दूरदर्शन की टीम को साक्षात्कार भी दिया था और लोगों से शांति व्यवस्था बनाये रखने की अपील की थी ।,Sentence ID:dev-s794,NOUN ID:17,Word:व्यवस्था,VERB ID:18,Word:बनाये,relation:obj
Sentence:वह आतंकियों को आईएमए से संबंधित जानकारी दे रहा था ।,Sentence ID:dev-s798,NOUN ID:7,Word:जानकारी,VERB ID:8,Word:दे,relation:obj
Sentence:शख्स ने उसे प्रतिबंधित संगठन स्टूडेंट इस्लामिक मूवमेंट ऑफ इंडिया (सिमी) के लिए काम करने के लिए उकसाया ।,Sentence ID:dev-s810,NOUN ID:16,Word:काम,VERB ID:17,Word:करने,relation:obj
Sentence:पिछले साल अक्तूबर में शख्स देहरादून पहुंचा और उसने इफ्तखार को लश्कर ए ताइबा में काम करने को उकसाया ।,Sentence ID:dev-s814,NOUN ID:16,Word:काम,VERB ID:17,Word:करने,relation:obj
"Sentence:शख्स ने उसे शाहिद नाम का कोड दिया, ताकि इफ्तखार की पहचान छिपी रह सके ।",Sentence ID:dev-s815,NOUN ID:7,Word:कोड,VERB ID:8,Word:दिया,relation:obj
Sentence:लंदन से प्रकाशित अंग्रेजी दैनिक 'गार्जियन' में छपी एक रिपोर्ट में इसकी जानकारी दी गई है ।,Sentence ID:dev-s817,NOUN ID:15,Word:जानकारी,VERB ID:16,Word:दी,relation:obj
"Sentence:किन्नौर के उपायुक्त अमनदीप गर्ग का कहना है कि लाशों के नाथपा - झाकड़ी के बांध में फंसे होने की संभावना है, इसलिए वहां जाल डालकर उन्हें ढूंढ़ने की कोशिश हो रही है ।",Sentence ID:dev-s834,NOUN ID:26,Word:जाल,VERB ID:27,Word:डालकर,relation:obj
Sentence:सरकार ने हादसे का शिकार हुए जवानों के परिजनों को फौजी तौर पर ५० - ५० हजार रुपयों की राहत राशि देने की घोषणा की है ।,Sentence ID:dev-s836,NOUN ID:21,Word:राशि,VERB ID:22,Word:देने,relation:obj
Sentence:पुल टूटने के पीछे यांत्रिक कमी बताई गई है ।,Sentence ID:dev-s837,NOUN ID:1,Word:पुल,VERB ID:2,Word:टूटने,relation:obj
Sentence:पुल टूटने के पीछे यांत्रिक कमी बताई गई है ।,Sentence ID:dev-s837,NOUN ID:6,Word:कमी,VERB ID:7,Word:बताई,relation:obj
Sentence:खारो में निर्माणाधीन पुल के क्षतिग्रस्त होने से किन्नौर जिले में जनजीवन के पटरी पर लौटने में अब और भी समय लगेगा ।,Sentence ID:dev-s838,NOUN ID:21,Word:समय,VERB ID:22,Word:लगेगा,relation:obj
Sentence:हादसे के समय पुल पर ड्यूटी दे रहे होम गार्ड के जवान टाशी डुनडुप ने बताया कि हादसे के वक्त पुल पर ३५ से ४० जवान काम कर रहे थे ।,Sentence ID:dev-s851,NOUN ID:27,Word:काम,VERB ID:28,Word:कर,relation:obj
Sentence:पंचकूला से मिली खबर के मुताबिक पुल टूटने की सूचना मिलते ही चंडीमंदिर स्थित पश्चिमी कमान मुख्यालय में आपातकालीन बैठक बुलाई गई ।,Sentence ID:dev-s854,NOUN ID:7,Word:पुल,VERB ID:8,Word:टूटने,relation:obj
Sentence:लखनऊ स्थित स्थानीय मुस्लिम नेताओं की ओर से धार्मिक स्थलों में विदेशियों के प्रवेश पर लगाई गई रोक को देखते हुए ब्रिटिश नागरिकों को अतिरिक्त सावधानी बरतने और शहर के पवित्र स्थलों की यात्रा स्थगित करने की सलाह दी गई है ।,Sentence ID:dev-s855,NOUN ID:26,Word:सावधानी,VERB ID:27,Word:बरतने,relation:obj
Sentence:विदेश विभाग ने चेतावनी में अपने नागरिकों से कहा कि उन्हें ऐसे स्थलों का दौरा करते समय सतर्कता बरतनी चाहिए और उम्मीद है कि हालात सामान्य होने तक वे यात्राएं स्थगित करेंगे ।,Sentence ID:dev-s858,NOUN ID:18,Word:सतर्कता,VERB ID:19,Word:बरतनी,relation:obj
"Sentence:बहरहाल, उरी के लोग बस सेवा शुरू होने का जशन मनाएंगे ।",Sentence ID:dev-s869,NOUN ID:11,Word:जशन,VERB ID:12,Word:मनाएंगे,relation:obj
Sentence:भारत और पाकिस्तान ने फरवरी में जब बस चलाने का निर्णय किया तो इसके बाद ही सीमा सड़क संगठन (बीआरओ) ने सड़क बनाने का काम शुरू किया और महज आठ घंटे में ही लकड़ी की जगह लोहे का कमान ब्रिज तैयार कर दिया गया ।,Sentence ID:dev-s872,NOUN ID:8,Word:बस,VERB ID:9,Word:चलाने,relation:obj
Sentence:भारत और पाकिस्तान ने फरवरी में जब बस चलाने का निर्णय किया तो इसके बाद ही सीमा सड़क संगठन (बीआरओ) ने सड़क बनाने का काम शुरू किया और महज आठ घंटे में ही लकड़ी की जगह लोहे का कमान ब्रिज तैयार कर दिया गया ।,Sentence ID:dev-s872,NOUN ID:24,Word:सड़क,VERB ID:25,Word:बनाने,relation:obj
Sentence:बीएसएनएल अधिकारियों ने कहा कि विश्व भर से आए मीडिया के लोगों ने भी अपनी खबरें भेजने के लिए इन्हीं टेलीफोन लाइनों का इस्तेमाल किया ।,Sentence ID:dev-s877,NOUN ID:16,Word:खबरें,VERB ID:17,Word:भेजने,relation:obj
Sentence:विदेश मंत्री के. नटवर सिंह ने कहा कि अमेरिका के पाकिस्तान को एफ - १६ विमान बेचने के निर्णय के बावजूद भारत - अमेरिकी संबंध इतने बेहतर कभी नहीं थे ।,Sentence ID:dev-s880,NOUN ID:16,Word:विमान,VERB ID:17,Word:बेचने,relation:obj
Sentence:बीबीसी वर्ल्ड को दिए एक इंटरव्यू में वह भारत का नया नक्शा बनाकर दूसरे बंटवारे की बात छोड़कर पाकिस्तान के सुझाए सभी विकल्पों को सुनने को राजी हैं ।,Sentence ID:dev-s882,NOUN ID:12,Word:नक्शा,VERB ID:13,Word:बनाकर,relation:obj
Sentence:बीबीसी वर्ल्ड को दिए एक इंटरव्यू में वह भारत का नया नक्शा बनाकर दूसरे बंटवारे की बात छोड़कर पाकिस्तान के सुझाए सभी विकल्पों को सुनने को राजी हैं ।,Sentence ID:dev-s882,NOUN ID:17,Word:बात,VERB ID:18,Word:छोड़कर,relation:obj
Sentence:इस बयान पर अपनी असहमति जताते हुए नटवर सिंह ने कहा कि भारत एक महाशक्ति बनने की जुगत में शामिल नहीं है ।,Sentence ID:dev-s892,NOUN ID:5,Word:असहमति,VERB ID:6,Word:जताते,relation:obj
Sentence:इस बयान पर अपनी असहमति जताते हुए नटवर सिंह ने कहा कि भारत एक महाशक्ति बनने की जुगत में शामिल नहीं है ।,Sentence ID:dev-s892,NOUN ID:15,Word:महाशक्ति,VERB ID:16,Word:बनने,relation:obj
Sentence:नेपाल के हालात पर अप्रसन्नता जताते हुए उन्होंने कहा कि आपातकाल खत्म होना चाहिए ।,Sentence ID:dev-s893,NOUN ID:5,Word:अप्रसन्नता,VERB ID:6,Word:जताते,relation:obj
Sentence:जरा एक नजर डालिए सूर्य नमस्कार के रीमिक्स पर ।,Sentence ID:dev-s899,NOUN ID:3,Word:नजर,VERB ID:4,Word:डालिए,relation:obj
Sentence:इसके एक अन्य रूप में कमरे में अगरबत्ती जलाकर या परफ्यूम बिखेरकर सूर्य नमस्कार किया जाता है ।,Sentence ID:dev-s902,NOUN ID:8,Word:अगरबत्ती,VERB ID:9,Word:जलाकर,relation:obj
Sentence:इसके एक अन्य रूप में कमरे में अगरबत्ती जलाकर या परफ्यूम बिखेरकर सूर्य नमस्कार किया जाता है ।,Sentence ID:dev-s902,NOUN ID:11,Word:परफ्यूम,VERB ID:12,Word:बिखेरकर,relation:obj
Sentence:इन आसनों को एक बार करने में तकरीबन १० मिनट का समय लगता है ।,Sentence ID:dev-s904,NOUN ID:12,Word:समय,VERB ID:13,Word:लगता,relation:obj
Sentence:वित्त मंत्री पी चिदंबरम ने अपने बजट को जनता के 'हितों का ध्यान रखने वाला तथा साहसी' करार दिया ।,Sentence ID:dev-s912,NOUN ID:14,Word:ध्यान,VERB ID:15,Word:रखने,relation:obj
"Sentence:उन्होंने दूरसंचार, नागरिक उड्डयन और बीमा क्षेत्र में प्रत्यक्ष विदेशी निवेश की क्षेत्रवार सीमा बढ़ाने के फैसले पर पुनर्विचार करने की संभावना से इनकार किया है ।",Sentence ID:dev-s913,NOUN ID:15,Word:सीमा,VERB ID:16,Word:बढ़ाने,relation:obj
Sentence:वर्ष २००४ - ०५ के लिए यूपीए सरकार के पहले बजट को पेश करने के बाद चिदंबरम ने कहा कि हमने यह दिखा दिया है कि हमारी सरकार को जनता के हितों का पूरा ध्यान है और वह साहसी फैसले लेने से पीछे नहीं हटती ।,Sentence ID:dev-s914,NOUN ID:40,Word:फैसले,VERB ID:41,Word:लेने,relation:obj
Sentence:उदारीकरण की राह में आगे कदम बढ़ाकर हमने साहसी फैसला लिया है ।,Sentence ID:dev-s917,NOUN ID:6,Word:कदम,VERB ID:7,Word:बढ़ाकर,relation:obj
Sentence:उदारीकरण की राह में आगे कदम बढ़ाकर हमने साहसी फैसला लिया है ।,Sentence ID:dev-s917,NOUN ID:10,Word:फैसला,VERB ID:11,Word:लिया,relation:obj
Sentence:वित्त मंत्री ने कहा कि एफडीआई तथा पूंजी बाजार के संबंध में हमने साहसी निर्णय लिए हैं ।,Sentence ID:dev-s918,NOUN ID:15,Word:निर्णय,VERB ID:16,Word:लिए,relation:obj
"Sentence:यह पूछने पर कि क्या उन्हें यह चिंता सता रही है कि एफडीआई की सीमा बढ़ाने से वामपंथी दल उन्हें निशाना बना सकते हैं, चिदंबरम ने कहा कि हमें हल्की आलोचना की उम्मीद है ।",Sentence ID:dev-s922,NOUN ID:15,Word:सीमा,VERB ID:16,Word:बढ़ाने,relation:obj
"Sentence:इस सवाल पर कि क्या एफडीआई सीमा बढ़ाने के फैसले पर पुनर्विचार करने की संभावना है, उन्होंने कहा कि काफी विचार - विमर्श के बाद यह फैसला किया गया है ।",Sentence ID:dev-s925,NOUN ID:7,Word:सीमा,VERB ID:8,Word:बढ़ाने,relation:obj
Sentence:उन्होंने पहाड़ी जंगलों में शरण लेकर अपनी जान बचाई ।,Sentence ID:dev-s930,NOUN ID:8,Word:जान,VERB ID:9,Word:बचाई,relation:obj
Sentence:ये उसी बाहर की दुनिया के लिए अपनी पहचान खोते जा रहे हैं ।,Sentence ID:dev-s934,NOUN ID:9,Word:पहचान,VERB ID:10,Word:खोते,relation:obj
Sentence:वह अपनी हर खूबी भूल चुके हैं ।,Sentence ID:dev-s952,NOUN ID:4,Word:खूबी,VERB ID:5,Word:भूल,relation:obj
Sentence:नुकसान देह पेय पीकर वे तरह - तरह की बीमारियों को न्योता दे रहे हैं ।,Sentence ID:dev-s958,NOUN ID:3,Word:पेय,VERB ID:4,Word:पीकर,relation:obj
Sentence:इसके बाद शनिवार सुबह ८.१९ बजे रिक्टर पैमाने पर ५ की तीव्रता के साथ दूसरा झटका लगा जिसका केंद्र उत्तरी अंडमान था ।,Sentence ID:dev-s976,NOUN ID:16,Word:झटका,VERB ID:17,Word:लगा,relation:obj
Sentence:उन्होंने कहा कि उच्चतम न्यायालय ने भी आदेश में छोटे दुकानदारों को राहत दी है ।,Sentence ID:dev-s994,NOUN ID:13,Word:राहत,VERB ID:14,Word:दी,relation:obj
Sentence:सरकार के हिस्से के शेयरों की कीमत वसूलने और मंदी के असर को कम करने के लिए सरकार एनटीपीसी के पब्लिक इश्यू पर अपनी पकड़ बनाए रखते हुए अपने शेयरों का पाँच फीसदी ही विनिवेश कर सकती है ।,Sentence ID:dev-s1007,NOUN ID:7,Word:कीमत,VERB ID:8,Word:वसूलने,relation:obj
Sentence:सरकार के हिस्से के शेयरों की कीमत वसूलने और मंदी के असर को कम करने के लिए सरकार एनटीपीसी के पब्लिक इश्यू पर अपनी पकड़ बनाए रखते हुए अपने शेयरों का पाँच फीसदी ही विनिवेश कर सकती है ।,Sentence ID:dev-s1007,NOUN ID:25,Word:पकड़,VERB ID:26,Word:बनाए,relation:obj
Sentence:वित्त मंत्री ने सरकार की पुनर्गठन नीति पर रोशनी डालते हुए हिंदुस्तान एंटीबायोटिक्स लिमिटेड और इंडियन टेलीफोन इंडस्ट्री (आईटीआई) को एक पैकेज देने की घोषणा की है ।,Sentence ID:dev-s1013,NOUN ID:24,Word:पैकेज,VERB ID:25,Word:देने,relation:obj
Sentence:हिंदुस्तान एंटीबायोटिक्स को पुनर्गठन में वित्तीय सहायता दी जाएगी जबकि आईटीआई को बचाने के लिए ५०८ करोड़ रुपए की सहायता दी जाएगी ।,Sentence ID:dev-s1014,NOUN ID:7,Word:सहायता,VERB ID:8,Word:दी,relation:obj
Sentence:हिंदुस्तान एंटीबायोटिक्स को पुनर्गठन में वित्तीय सहायता दी जाएगी जबकि आईटीआई को बचाने के लिए ५०८ करोड़ रुपए की सहायता दी जाएगी ।,Sentence ID:dev-s1014,NOUN ID:20,Word:सहायता,VERB ID:21,Word:दी,relation:obj
Sentence:प्रधानमंत्री डॉ. मनमोहन सिंह ने संतुलित बजट बनाने के लिए वित्त मंत्री पी. चिदंबरम् की तारीफ की है ।,Sentence ID:dev-s1017,NOUN ID:7,Word:बजट,VERB ID:8,Word:बनाने,relation:obj
Sentence:उन्होंने कहा है कि कृषि और औद्योगिक क्षेत्र को बढ़ावा देकर विकास की गति बढ़ाने पर जोर दिया गया है ।,Sentence ID:dev-s1018,NOUN ID:14,Word:गति,VERB ID:15,Word:बढ़ाने,relation:obj
"Sentence:बृहस्पतिवार को संवाददाताओं से बात - चीत में प्रधानमंत्री ने कहा है कि तेजी से फैल रहे आर्थिक ढाँचे में गरीबी, अशिक्षा और बीमारी जैसी समस्याओं का समाधान पाया जा सकता है ।",Sentence ID:dev-s1019,NOUN ID:29,Word:समाधान,VERB ID:30,Word:पाया,relation:obj
Sentence:उन्होंने कहा कि आयकर छूट की सीमा बढ़ाने से एक करोड़ से अधिक लोगों को फायदा होगा ।,Sentence ID:dev-s1020,NOUN ID:7,Word:सीमा,VERB ID:8,Word:बढ़ाने,relation:obj
Sentence:उन्होंने कहा कि यूपीए सरकार के बजट में ग्रामीण ढाँचागत विकास फंड (आरआईडीएफ) के लिए बजट में ८००० करोड़ रुपये रखे गए हैं ।,Sentence ID:dev-s1027,NOUN ID:22,Word:रुपये,VERB ID:23,Word:रखे,relation:obj
Sentence:उन्होंने कहा कि कृषि ऋण व्यवस्था में कुछ खामियाँ हैं और यूपीए सरकार ने तय किया है कि तीन साल में कृषि ऋण बढ़ाया जाएगा ।,Sentence ID:dev-s1031,NOUN ID:23,Word:ऋण,VERB ID:24,Word:बढ़ाया,relation:obj
Sentence:इस मसले पर एक टास्क फोर्स गठित की गई थी जो इस साल ३१ अक्तूबर तक अपनी रिपोर्ट दे देगी ।,Sentence ID:dev-s1033,NOUN ID:18,Word:रिपोर्ट,VERB ID:19,Word:दे,relation:obj
Sentence:इतने लोगों का पेट भरने के लिए रासायनिक खादों का कोई विकल्प नहीं है,Sentence ID:dev-s1045,NOUN ID:4,Word:पेट,VERB ID:5,Word:भरने,relation:obj
"Sentence:सुरेंद्र हारा ने बताया कि वे डॉ. बोर्लेग ही थे, जिन्होंने ७० के दशक में भारत सरकार को किसानों के लिए ज्यादा से ज्यादा बैंक ऋण देने का प्रावधान रखने का सुझाव दिया था ।",Sentence ID:dev-s1053,NOUN ID:27,Word:ऋण,VERB ID:28,Word:देने,relation:obj
Sentence:यहाँ आए फूड ऐंड फोडर क्रॉप्स के असिस्टेंट डायरेक्टर डॉ. एस. एन. शुक्ला ने भी एग्रो फोरेस्टरी से जुड़े किसानों को हर मदद मुहैया करवाने की बात कही ।,Sentence ID:dev-s1056,NOUN ID:27,Word:बात,VERB ID:28,Word:कही,relation:obj
"Sentence:शाम ४.३० बजे के करीब एसओजी के सुरक्षा - बलों ने आतंकी जिस कमरे में छिपा था, उसमें पहले हथगोले फेंके और बाद में फायरिंग की ।",Sentence ID:dev-s1071,NOUN ID:21,Word:हथगोले,VERB ID:22,Word:फेंके,relation:obj
Sentence:कमरे में हथगोला फटने के बाद आतंकी फायरिंग करता हुआ बाहर निकला ।,Sentence ID:dev-s1072,NOUN ID:3,Word:हथगोला,VERB ID:4,Word:फटने,relation:obj
Sentence:शनिवार को श्रीलंका के सरकारी रेडियो ने खबर दी कि पिछले हफ्ते सुनामी लहरों के तांडव में तमिल टाइगर प्रमुख वेलुपिल्लई प्रभाकरन और उसके खुफिया प्रमुख पोट्टू अम्मान मारे गए या लापता हैं ।,Sentence ID:dev-s1082,NOUN ID:8,Word:खबर,VERB ID:9,Word:दी,relation:obj
Sentence:बयान में कहा गया है कि 'यह समय अफवाहें फैलाने या गलत मंशा से प्रचार करने का नहीं है,Sentence ID:dev-s1090,NOUN ID:10,Word:अफवाहें,VERB ID:11,Word:फैलाने,relation:obj
Sentence:बयान में कहा गया है कि लिट्टे और तमिल जनता श्रीलंका ब्रॉडकास्टिंग कॉरपोरेशन की इस शरारत भरी रिपोर्ट का विरोध करेंगे ।,Sentence ID:dev-s1091,NOUN ID:16,Word:शरारत,VERB ID:17,Word:भरी,relation:obj
Sentence:पूरा देश इस समय दैवी आपदा से जूझ रहा है और दुख की बात है कि सरकार का जिम्मेदार मीडिया ही अफवाह फैलाकर लोगों को गुमराह करने में लगा है ।,Sentence ID:dev-s1092,NOUN ID:22,Word:अफवाह,VERB ID:23,Word:फैलाकर,relation:obj
"Sentence:सोमवार से पार्टी के संचालन समिति की बैठक शुरू हो रही है, जिसमें नेतृत्व का मुद्दा छाए रहने की संभावना है ।",Sentence ID:dev-s1096,NOUN ID:17,Word:मुद्दा,VERB ID:18,Word:छाए,relation:obj
Sentence:उनके समर्थकों ने दूसरी महिला से संबंध रखने के आरोप में उन्हें इस्तीफा देने के लिए मजबूर कर दिया था ।,Sentence ID:dev-s1099,NOUN ID:13,Word:इस्तीफा,VERB ID:14,Word:देने,relation:obj
Sentence:पार्टी की गतिविधियों में फिर दिलचस्पी ले रहे महंत को दोस्त से दुश्मन बन चुके फूकन से भी हाथ मिलाने से गुरेज नहीं है ।,Sentence ID:dev-s1101,NOUN ID:6,Word:दिलचस्पी,VERB ID:7,Word:ले,relation:obj
Sentence:फूकन के खारगुली हिल स्थित आवास पर हुई बैठक के मद्देनज़र अगप की किस्मत बदलने की उम्मीद जताई जा रही है ।,Sentence ID:dev-s1103,NOUN ID:14,Word:किस्मत,VERB ID:15,Word:बदलने,relation:obj
Sentence:गोस्वामी पहले कह चुके हैं कि पार्टी में किसी भी कीमत पर अनुशासन बनाए रखा जाएगा ।,Sentence ID:dev-s1104,NOUN ID:13,Word:अनुशासन,VERB ID:14,Word:बनाए,relation:obj
Sentence:दोनों नेताओं ने गोस्वामी पर आरोप लगाया है कि उनके कमजोर नेतृत्व के कारण पार्टी जनता में लोकप्रिय नहीं हो सकी ।,Sentence ID:dev-s1106,NOUN ID:6,Word:आरोप,VERB ID:7,Word:लगाया,relation:obj
Sentence:यह असम की जनता को फैसला करना है कि कौन सी पार्टी अगली सरकार बनाएगी ।,Sentence ID:dev-s1108,NOUN ID:14,Word:सरकार,VERB ID:15,Word:बनाएगी,relation:obj
Sentence:भारत श्रीलंका की क्षेत्रीय अखंडता को महत्व देने के साथ - साथ श्रीलंका के जातीय विवाद में भी मध्यस्थता करने का प्रस्ताव रख चुका है ।,Sentence ID:dev-s1118,NOUN ID:22,Word:प्रस्ताव,VERB ID:23,Word:रख,relation:obj
Sentence:पहले यह ग्रामीण विकास मंत्रालय के तहत पूर्ण विभाग के रूप में काम कर रहा था ।,Sentence ID:dev-s1136,NOUN ID:13,Word:काम,VERB ID:14,Word:कर,relation:obj
Sentence:भारत और पाकिस्तान के बीच आपसी विश्वास बढ़ाने की प्रक्रिया के तहत पाकिस्तान ने भारत से जम्मू कश्मीर में सैनिकों की कटौती करने के लिए कहा है ।,Sentence ID:dev-s1144,NOUN ID:7,Word:विश्वास,VERB ID:8,Word:बढ़ाने,relation:obj
Sentence:अखबार लिखता है कि कश्मीर घाटी से बड़ी तादाद में सैनिकों की कटौती के बाद ही कश्मीरी लोगों का विश्वास जीता जा सकता है ।,Sentence ID:dev-s1152,NOUN ID:20,Word:विश्वास,VERB ID:21,Word:जीता,relation:obj
Sentence:महानिरीक्षक जेल जाँच के बाद उन्हें रिपोर्ट सौंपेंगे ।,Sentence ID:dev-s1158,NOUN ID:7,Word:रिपोर्ट,VERB ID:8,Word:सौंपेंगे,relation:obj
Sentence:गौरतलब है कि जेल प्रशासन ने जब इस बाहुबली नेता को उनसे मिलने आए लोगों से भेंट नहीं करने दी तो शनिवार को उन्होंने जेलकर्मियों को परिणाम भुगतने की धमकी दी ।,Sentence ID:dev-s1161,NOUN ID:27,Word:परिणाम,VERB ID:28,Word:भुगतने,relation:obj
Sentence:कारागार मंत्री सिंह ने बताया कि उन्होंने जेल महानिरीक्षक दीपक कुमार सिंह को मामले की जाँच कर रिपोर्ट देने का निर्देश दिया है ।,Sentence ID:dev-s1163,NOUN ID:18,Word:रिपोर्ट,VERB ID:19,Word:देने,relation:obj
Sentence:हालांकि कुछ क्षेत्रों में मछुआरों ने ऐसी मछलियाँ देखने का दावा किया जो कि इस क्षेत्र में पहले कभी नहीं देखी गई हैं ।,Sentence ID:dev-s1176,NOUN ID:8,Word:मछलियाँ,VERB ID:9,Word:देखने,relation:obj
"Sentence:इसके अलावा जो एक और बड़ा परिवर्तन देखा गया, उसके मुताबिक दक्षिण भारतीय तटों की बीस मीटर की भूमि समुद्र में समा चुकी है ।",Sentence ID:dev-s1182,NOUN ID:7,Word:परिवर्तन,VERB ID:8,Word:देखा,relation:obj
Sentence:इसके बाद ही देश में लोकतंत्र को बहाल किया जा सकता है और राजनीतिक स्थिरता लाई जा सकती है ।,Sentence ID:dev-s1192,NOUN ID:15,Word:स्थिरता,VERB ID:16,Word:लाई,relation:obj
Sentence:रक्षा मंत्री प्रणब मुखर्जी ने बुधवार को राज्यसभा में कहा कि केंद्र सरकार जम्मू - कश्मीर में नियंत्रण - रेखा (एलओसी) पर एक और बाड़ लगाने पर विचार नहीं कर रही है ।,Sentence ID:dev-s1200,NOUN ID:27,Word:बाड़,VERB ID:28,Word:लगाने,relation:obj
"Sentence:मुखर्जी ने लिखित जवाब में कहा कि चीफ ऑफ स्टाफ कमेटी के निर्देशों पर आधारित रक्षा स्टाफ के एकीकरण के लिए एक संयुक्त जल - स्थल सेल का गठन किया है, जो तीनों सेवाओं के प्रशिक्षण और अभियानों के लिए मार्च २००३ से काम कर रहा है ।",Sentence ID:dev-s1201,NOUN ID:45,Word:काम,VERB ID:46,Word:कर,relation:obj
Sentence:सदन में प्रश्नकाल के दौरान अहमद ने पाकिस्तान को अमेरिका द्वारा हथियार देने की रिपोर्ट पर गंभीर चिंता जताते हुए कहा कि इससे भारत में अमेरिकी छवि को नुकसान पहुँचेगा ।,Sentence ID:dev-s1207,NOUN ID:12,Word:हथियार,VERB ID:13,Word:देने,relation:obj
Sentence:सदन में प्रश्नकाल के दौरान अहमद ने पाकिस्तान को अमेरिका द्वारा हथियार देने की रिपोर्ट पर गंभीर चिंता जताते हुए कहा कि इससे भारत में अमेरिकी छवि को नुकसान पहुँचेगा ।,Sentence ID:dev-s1207,NOUN ID:18,Word:चिंता,VERB ID:19,Word:जताते,relation:obj
"Sentence:अल्पसंख्यकों के हितों के लिए काम करने और विश्व का ध्यान उनकी समस्याओं की ओर खींचने के लिए श्रीलंका, पाकिस्तान और बांग्लादेश के अल्पसंख्यक समुदायों ने कोशिशें तेज कर दी हैं, लेकिन नेपाल को लेकर आशंका अब भी बनी हुई है ।",Sentence ID:dev-s1211,NOUN ID:6,Word:काम,VERB ID:7,Word:करने,relation:obj
Sentence:अब सार्क देशों को स्थानीय परिषद बनानी है ताकि अल्पसंख्यकों की आवाज को अंतर्राष्ट्रीय स्तर पर उठाया जा सके ।,Sentence ID:dev-s1213,NOUN ID:6,Word:परिषद,VERB ID:7,Word:बनानी,relation:obj
Sentence:नेपाल मामलों के विशेषज्ञ और वरिष्ठ पत्रकार आनंद स्वरूप वर्मा मानते हैं कि जिस देश में नागरिकों के खिलाफ दमनात्मक कार्रवाई हो रही है वहाँ इस तरह के परिषद की जरूरत तो है लेकिन उसे काम करने से रोका जाएगा ।,Sentence ID:dev-s1215,NOUN ID:36,Word:काम,VERB ID:37,Word:करने,relation:obj
Sentence:आनंद बताते हैं कि नेपाल की जनजातियों व अल्पसंख्यकों ने अलग - अलग मोर्चे बनाकर अपनी स्वायत्तता के खिलाफ जनांदोलन छेड़ रखा है ।,Sentence ID:dev-s1217,NOUN ID:14,Word:मोर्चे,VERB ID:15,Word:बनाकर,relation:obj
Sentence:आनंद बताते हैं कि नेपाल की जनजातियों व अल्पसंख्यकों ने अलग - अलग मोर्चे बनाकर अपनी स्वायत्तता के खिलाफ जनांदोलन छेड़ रखा है ।,Sentence ID:dev-s1217,NOUN ID:20,Word:जनांदोलन,VERB ID:21,Word:छेड़,relation:obj
Sentence:वायुसेना के उपाध्यक्ष एअर मार्शल एस. के. मलिक ने २४ स्क्वॅड्रन से एसयू - ३० को और आगरा स्थित मिड एअर रीफ्यूलिंग स्क्वॅड्रन से आईएल - ७८ को झंडी दिखा कर रवाना किया ।,Sentence ID:dev-s1223,NOUN ID:29,Word:झंडी,VERB ID:30,Word:दिखा,relation:obj
Sentence:इस मौके पर एअर मार्शल मलिक ने वायुसैनिकों से बेहतर अभ्यास कर भारतीय वायु सेना की प्रतिष्ठा बढ़ाने का आह्वान किया ।,Sentence ID:dev-s1224,NOUN ID:17,Word:प्रतिष्ठा,VERB ID:18,Word:बढ़ाने,relation:obj
Sentence:उन्होंने कहा कि प्रतिष्ठा बनाना बहुत मुश्किल है और उससे ज्यादा मुश्किल उसे बनाए रखना है ।,Sentence ID:dev-s1225,NOUN ID:4,Word:प्रतिष्ठा,VERB ID:5,Word:बनाना,relation:obj
Sentence:अभ्यास के मकसद के बारे में पत्रकारों को जानकारी देते हुए उन्होंने कहा कि गरूड़ - २ वायु रक्षा तकनीकों पर केंद्रित होने के साथ - साथ भारतीय वायुसेना के बारे में भी जानकारी दे सकेगा ।,Sentence ID:dev-s1227,NOUN ID:9,Word:जानकारी,VERB ID:10,Word:देते,relation:obj
Sentence:अभ्यास के मकसद के बारे में पत्रकारों को जानकारी देते हुए उन्होंने कहा कि गरूड़ - २ वायु रक्षा तकनीकों पर केंद्रित होने के साथ - साथ भारतीय वायुसेना के बारे में भी जानकारी दे सकेगा ।,Sentence ID:dev-s1227,NOUN ID:34,Word:जानकारी,VERB ID:35,Word:दे,relation:obj
Sentence:उन्होंने समय - समय पर राजनीतिक सत्ता को उसके गलत फैसलों पर चेताया और बेबाकी से अपनी राय रखी ।,Sentence ID:dev-s1233,NOUN ID:18,Word:राय,VERB ID:19,Word:रखी,relation:obj
Sentence:तंगी के बावजूद पिता रमन वैद्यन ने उन्हें अच्छी प्राथमिक शिक्षा दिलाई ।,Sentence ID:dev-s1242,NOUN ID:11,Word:शिक्षा,VERB ID:12,Word:दिलाई,relation:obj
Sentence:नारायणन दस किलोमीटर पैदल चलकर स्कूल जाते थे ।,Sentence ID:dev-s1243,NOUN ID:4,Word:पैदल,VERB ID:5,Word:चलकर,relation:obj
Sentence:त्रिवेंद्रम के महाराजा कॉलेज से बीए (साहित्य) की परीक्षा दी और यूनीवर्सिटी में प्रथम स्थान प्राप्त किया ।,Sentence ID:dev-s1246,NOUN ID:11,Word:परीक्षा,VERB ID:12,Word:दी,relation:obj
Sentence:उन्होंने यूनीवर्सिटी में प्रवक्ता की नौकरी पाने की कोशिश की ।,Sentence ID:dev-s1247,NOUN ID:6,Word:नौकरी,VERB ID:7,Word:पाने,relation:obj
Sentence:यूनीवर्सिटी ने एक दलित को लेक्चरर की नौकरी देने से इनकार कर क्लर्क की नौकरी करने का प्रस्ताव रखा ।,Sentence ID:dev-s1248,NOUN ID:8,Word:नौकरी,VERB ID:9,Word:देने,relation:obj
Sentence:समय चक्र घूमा और पचास साल बाद नारायणन देश के उपराष्ट्रपति बन गए ।,Sentence ID:dev-s1249,NOUN ID:2,Word:चक्र,VERB ID:3,Word:घूमा,relation:obj
Sentence:इस दौरान उन्होंने महात्मा गांधी का इंटरव्यू लिया ।,Sentence ID:dev-s1253,NOUN ID:7,Word:इंटरव्यू,VERB ID:8,Word:लिया,relation:obj
Sentence:इस दौरान नारायणन कई देशों में भारत के प्रतिनिधि रहे ।,Sentence ID:dev-s1255,NOUN ID:9,Word:प्रतिनिधि,VERB ID:10,Word:रहे,relation:obj
"Sentence:वर्तमान बजट में इसके लिए ७७,००० करोड़ रुपये का फंड रखा गया है ।",Sentence ID:dev-s1261,NOUN ID:10,Word:फंड,VERB ID:11,Word:रखा,relation:obj
"Sentence:पूरे रक्षा बजट में भारतीय वायु सेना के हिस्से में नए विमानों की खरीद के लिए १२,८२५ करोड़ रुपये रखे गए हैं ।",Sentence ID:dev-s1269,NOUN ID:19,Word:रुपये,VERB ID:20,Word:रखे,relation:obj
Sentence:इसके अलावा अन्य उपकरणों की खरीद के लिए १५०० करोड़ रुपयों का प्रावधान रखा गया है ।,Sentence ID:dev-s1270,NOUN ID:13,Word:प्रावधान,VERB ID:14,Word:रखा,relation:obj
"Sentence:भारतीय सेना को भी नए उपकरणों की खरीद के लिए ६,५२१ करोड़ रुपये दिए गए हैं ।",Sentence ID:dev-s1272,NOUN ID:13,Word:रुपये,VERB ID:14,Word:दिए,relation:obj
Sentence:रक्षा बजट में नौसेना के लिए भी ४४६० करोड़ रुपये का प्रस्ताव रखा गया है ।,Sentence ID:dev-s1273,NOUN ID:12,Word:प्रस्ताव,VERB ID:13,Word:रखा,relation:obj
Sentence:न्यूयॉर्क एक्सचेंज में कल दर्ज भारी तेजी के असर से आज दिल्ली सर्राफा बाजार में भी दोनों बहुमूल्य धातुओं में उछाल का रुख रहा ।,Sentence ID:dev-s1275,NOUN ID:23,Word:रुख,VERB ID:24,Word:रहा,relation:obj
Sentence:न्यूयॉर्क में कल सोना ५ डॉलर बढ़कर ४२४.५० डॉलर प्रति औंस पर बंद हुआ था ।,Sentence ID:dev-s1276,NOUN ID:6,Word:डॉलर,VERB ID:7,Word:बढ़कर,relation:obj
Sentence:इसके असर से आज दिल्ली में सोना स्टैंडर्ड तेजी का नया रिकॉर्ड बनाते हुए ६३३० रुपये प्रति १० ग्राम पर बंद हुआ ।,Sentence ID:dev-s1277,NOUN ID:12,Word:रिकॉर्ड,VERB ID:13,Word:बनाते,relation:obj
"Sentence:दिल्ली में चांदी हाजिर, ९९९ टंच का दाम ९० रुपये उछलकर ११२२० रुपये प्रति किलो पर पहुंच गया ।",Sentence ID:dev-s1280,NOUN ID:11,Word:रुपये,VERB ID:12,Word:उछलकर,relation:obj
Sentence:राजग संयोजक जॉर्ज फर्नांडिस ने बुधवार को लोकसभा में आरोप लगाया कि ताबूत घोटाला सोनिया गांधी ने पिछली राजग सरकार को बदनाम करने के लिए उठाया था ।,Sentence ID:dev-s1282,NOUN ID:10,Word:आरोप,VERB ID:11,Word:लगाया,relation:obj
Sentence:लालू ने कहा कि विपक्ष को हर बात में सोनिया का नाम लेने की आदत पड़ गई है ।,Sentence ID:dev-s1286,NOUN ID:12,Word:नाम,VERB ID:13,Word:लेने,relation:obj
Sentence:सदन में जब यह मामला उठा तो उस समय सोनिया गांधी मौजूद नहीं थीं ।,Sentence ID:dev-s1287,NOUN ID:5,Word:मामला,VERB ID:6,Word:उठा,relation:obj
Sentence:उन्होंने सफाई दी कि प्रधानमंत्री मनमोहन सिंह को लिखकर वह कह चुके हैं कि कांग्रेस अध्यक्ष लंबे समय से उनके खिलाफ ताबूत घोटाले का दुष्प्रचार कर रही हैं और अब नई सरकार को इसकी जांच करनी चाहिए ।,Sentence ID:dev-s1292,NOUN ID:2,Word:सफाई,VERB ID:3,Word:दी,relation:obj
Sentence:जॉर्ज ने सवाल उठाया कि आखिर इसकी जांच क्यों नहीं हो रही है ।,Sentence ID:dev-s1293,NOUN ID:3,Word:सवाल,VERB ID:4,Word:उठाया,relation:obj
Sentence:जॉर्ज उस समय अचानक भड़क गए जब उनके भाषण में टोकाटाकी की जा रही थी और सत्ताधारी दल की ओर से ताबूत घोटाले और तहलका घोटाले की बातें उछाली जा रही थीं ।,Sentence ID:dev-s1295,NOUN ID:28,Word:बातें,VERB ID:29,Word:उछाली,relation:obj
Sentence:रामकृपाल यादव ने जॉर्ज के बारे में फिर आपत्तिजनक शब्द कहे जिन्हें लेकर भाजपा की बेंच से भी सदस्य उठ खड़े हुए ।,Sentence ID:dev-s1298,NOUN ID:10,Word:शब्द,VERB ID:11,Word:कहे,relation:obj
Sentence:पवन बंसल ने सवाल उठाया कि आखिर सोनिया गांधी के खिलाफ क्या साजिश रची जा रही है ।,Sentence ID:dev-s1309,NOUN ID:4,Word:सवाल,VERB ID:5,Word:उठाया,relation:obj
Sentence:पवन बंसल ने सवाल उठाया कि आखिर सोनिया गांधी के खिलाफ क्या साजिश रची जा रही है ।,Sentence ID:dev-s1309,NOUN ID:13,Word:साजिश,VERB ID:14,Word:रची,relation:obj
Sentence:धारीवाल की ओर से दायर विशेष अनुमति याचिका में बॉम्बे हाईकोर्ट द्वारा उनकी गैर जमानती वारंट रद्द करने की याचिका खारिज करने के २२ फरवरी के आदेश को चुनौती दी गई है ।,Sentence ID:dev-s1312,NOUN ID:29,Word:चुनौती,VERB ID:30,Word:दी,relation:obj
Sentence:मुंबई पुलिस ने अपनी दलील में कहा था कि सच्चाई जानने के लिए धारीवाल को हिरासत में लेकर पूछताछ करना जरूरी है ।,Sentence ID:dev-s1313,NOUN ID:10,Word:सच्चाई,VERB ID:11,Word:जानने,relation:obj
Sentence:माकपा के खिलाफ शिकायतों और आरोपों का पिटारा लेकर चुनाव आयोग पहुंची ममता ने चुनाव आयोग से इस मामले की जांच के लिए विशेष पर्यवेक्षक भेजने की मांग की है ।,Sentence ID:dev-s1319,NOUN ID:8,Word:पिटारा,VERB ID:9,Word:लेकर,relation:obj
Sentence:ममता ने मुख्य चुनाव आयुक्त बी. बी. टंडन को अपना ज्ञापन सौंपा ।,Sentence ID:dev-s1320,NOUN ID:11,Word:ज्ञापन,VERB ID:12,Word:सौंपा,relation:obj
Sentence:तकरीबन एक घंटे तक चली मुलाकात के बाद ममता बनर्जी ने पत्रकारों को बताया कि राज्य में निष्पक्ष और स्वतंत्र चुनाव कराना वक्त की जरूरत है ।,Sentence ID:dev-s1322,NOUN ID:25,Word:जरूरत,VERB ID:26,Word:है,relation:obj
Sentence:उन्होंने आरोप लगाते हुए कहा कि जो लोग माकपा को वोट नहीं देना चाहते हैं उनके साथ जबरदस्ती की जाती है और फर्जी वोट डाले जाते हैं ।,Sentence ID:dev-s1324,NOUN ID:24,Word:वोट,VERB ID:25,Word:डाले,relation:obj
"Sentence:लोकसभा अध्यक्ष सोमनाथ चटर्जी ने जैसे ही अटवाल के उपाध्यक्ष चुने जाने की घोषणा की, पूरे सदन में मेजें थपथपाकर स्वागत किया गया ।",Sentence ID:dev-s1329,NOUN ID:20,Word:मेजें,VERB ID:21,Word:थपथपाकर,relation:obj
Sentence:अपने चुनाव के बाद सभी को धन्यवाद देते हुए अटवाल ने कहा कि ऐसी ही लोकतांत्रिक प्रक्रिया से सदन की कार्रवाईयां आसानी से चलतीं हैं ।,Sentence ID:dev-s1331,NOUN ID:7,Word:धन्यवाद,VERB ID:8,Word:देते,relation:obj
Sentence:उन्होंने कहा कि उन्हें यह मान सम्मान इसलिए मिला क्योंकि वह हमेशा अकाली दल के अनुशासित सिपाही के रूप में काम करते रहे हैं ।,Sentence ID:dev-s1332,NOUN ID:21,Word:काम,VERB ID:22,Word:करते,relation:obj
Sentence:अटवाल ने जोर देकर कहा कि सत्तापक्ष और विपक्ष के बीच वह अच्छा तालमेल बिठाने की कोशिश करेंगे ।,Sentence ID:dev-s1333,NOUN ID:14,Word:तालमेल,VERB ID:15,Word:बिठाने,relation:obj
Sentence:आडवाणी ने कहा कि उनके पास विधानसभा अध्यक्ष का भी अनुभव है और उन्होंने उम्मीद जताई कि वह अपने दायित्व को बखूबी निभाएंगे ।,Sentence ID:dev-s1339,NOUN ID:15,Word:उम्मीद,VERB ID:16,Word:जताई,relation:obj
Sentence:अटल बिहारी वाजपेयी ने भी उम्मीद जताई कि चरणजीत सिंह अटवाल के सहयोग से कार्यवाही का ठीक ढंग से संचालन हो सकेगा ।,Sentence ID:dev-s1340,NOUN ID:6,Word:उम्मीद,VERB ID:7,Word:जताई,relation:obj
Sentence:सोनिया गांधी ने उम्मीद जताई कि सदन को उनके मार्गदर्शन और अनुभव का लाभ मिलता रहेगा ।,Sentence ID:dev-s1341,NOUN ID:4,Word:उम्मीद,VERB ID:5,Word:जताई,relation:obj
Sentence:समाजवादी पार्टी के नेता रामगोपाल यादव ने अटवाल को बधाई दी और राजग पर कटाक्ष किया कि हंगामे को देखते हुए सहयोग देने के आश्वासनों पर भरोसा नहीं रहा है लेकिन सपा उन्हें पूरा सहयोग देगी ।,Sentence ID:dev-s1342,NOUN ID:10,Word:बधाई,VERB ID:11,Word:दी,relation:obj
Sentence:समाजवादी पार्टी के नेता रामगोपाल यादव ने अटवाल को बधाई दी और राजग पर कटाक्ष किया कि हंगामे को देखते हुए सहयोग देने के आश्वासनों पर भरोसा नहीं रहा है लेकिन सपा उन्हें पूरा सहयोग देगी ।,Sentence ID:dev-s1342,NOUN ID:22,Word:सहयोग,VERB ID:23,Word:देने,relation:obj
Sentence:जनता दल (यू) के नितीश कुमार ने चुटकी ली कि उधर सरदार मनमोहन सिंह हैं और इधर सरदार चरणजीत सिंह अटवाल हैं ।,Sentence ID:dev-s1343,NOUN ID:10,Word:चुटकी,VERB ID:11,Word:ली,relation:obj
Sentence:उन्होंने अकाली दल को यह पद दिए जाने के लिए वाजपेयी और आडवाणी का आभार जताया ।,Sentence ID:dev-s1347,NOUN ID:6,Word:पद,VERB ID:7,Word:दिए,relation:obj
Sentence:उन्होंने अकाली दल को यह पद दिए जाने के लिए वाजपेयी और आडवाणी का आभार जताया ।,Sentence ID:dev-s1347,NOUN ID:15,Word:आभार,VERB ID:16,Word:जताया,relation:obj
Sentence:उन्होंने ठहाकों के बीच कहा कि मुझे मौका देते रहेंगे तो सदन ठीक चलता रहेगा ।,Sentence ID:dev-s1348,NOUN ID:8,Word:मौका,VERB ID:9,Word:देते,relation:obj
Sentence:किसानों के ऋण माफ करने से साफ इन्कार करते हुए वित्त मंत्री पी. चिदंबरम ने लोकसभा को बताया कि इस समय किसानों के लिए पूर्व घोषित राहत पैकेजों के तहत रियायत देने का विकल्प ही मौजूद है ।,Sentence ID:dev-s1349,NOUN ID:31,Word:रियायत,VERB ID:32,Word:देने,relation:obj
Sentence:जिससे किसानों को गैर संस्थागत क्षेत्रों से ऋण लेने से बचाया जा सके ।,Sentence ID:dev-s1352,NOUN ID:8,Word:ऋण,VERB ID:9,Word:लेने,relation:obj
Sentence:ये संस्थान अत्यधिक ब्याज लेते हैं ।,Sentence ID:dev-s1353,NOUN ID:4,Word:ब्याज,VERB ID:5,Word:लेते,relation:obj
Sentence:वह इसके खिलाफ कड़े कदम उठाएंगे ।,Sentence ID:dev-s1357,NOUN ID:5,Word:कदम,VERB ID:6,Word:उठाएंगे,relation:obj
Sentence:चिदंबरम ने अर्थव्यवस्था में 7.0 फीसदी की दर से वृद्धि की बात कही ।,Sentence ID:dev-s1358,NOUN ID:12,Word:बात,VERB ID:13,Word:कही,relation:obj
Sentence:उन्होंने कहा कि जिस तरह पिछले साल कृषि में विकास हुआ हम वैसा नहीं चाहते ।,Sentence ID:dev-s1359,NOUN ID:10,Word:विकास,VERB ID:11,Word:हुआ,relation:obj
Sentence:हम उम्मीद करते हैं कृषि में उचित दर से विकास हो ।,Sentence ID:dev-s1360,NOUN ID:10,Word:विकास,VERB ID:11,Word:हो,relation:obj
"Sentence:हालांकि, यादव यह कहने से नहीं चूके कि वह इसी कांग्रेस से काफी लंबी लड़ाई लड़ चुके हैं और संघर्ष के दौरान उन्हें जेल भी जाना पड़ा था ।",Sentence ID:dev-s1364,NOUN ID:16,Word:लड़ाई,VERB ID:17,Word:लड़,relation:obj
Sentence:कांग्रेस द्वारा प्रदेश की कानून व्यवस्था के मामले को तूल देने पर भी मुलायम ने उलट कर जवाब दिया कि कांग्रेस पहले दिल्ली की व्यवस्था ही ठीक तरह से संभाल ले ।,Sentence ID:dev-s1365,NOUN ID:10,Word:तूल,VERB ID:11,Word:देने,relation:obj
Sentence:कांग्रेस द्वारा प्रदेश की कानून व्यवस्था के मामले को तूल देने पर भी मुलायम ने उलट कर जवाब दिया कि कांग्रेस पहले दिल्ली की व्यवस्था ही ठीक तरह से संभाल ले ।,Sentence ID:dev-s1365,NOUN ID:18,Word:जवाब,VERB ID:19,Word:दिया,relation:obj
Sentence:चिंकारा शिकार मामले में जोधपुर की एक स्थानीय अदालत सोमवार को अपना फैसला सुनाएगी ।,Sentence ID:dev-s1370,NOUN ID:13,Word:फैसला,VERB ID:14,Word:सुनाएगी,relation:obj
Sentence:सलमान के वकील हस्तीमल सारस्वत ने रविवार को इसकी जानकारी देते हुए बताया कि चीफ ज्यूडिशियल मजिस्ट्रेट ने २८ मार्च को बचाव पक्ष की दलील सुनी थी और इसके बाद फैसला सुनाने के लिए १० अप्रैल की तारीख तय की ।,Sentence ID:dev-s1372,NOUN ID:10,Word:जानकारी,VERB ID:11,Word:देते,relation:obj
Sentence:सलमान के वकील हस्तीमल सारस्वत ने रविवार को इसकी जानकारी देते हुए बताया कि चीफ ज्यूडिशियल मजिस्ट्रेट ने २८ मार्च को बचाव पक्ष की दलील सुनी थी और इसके बाद फैसला सुनाने के लिए १० अप्रैल की तारीख तय की ।,Sentence ID:dev-s1372,NOUN ID:25,Word:दलील,VERB ID:26,Word:सुनी,relation:obj
Sentence:सलमान के वकील हस्तीमल सारस्वत ने रविवार को इसकी जानकारी देते हुए बताया कि चीफ ज्यूडिशियल मजिस्ट्रेट ने २८ मार्च को बचाव पक्ष की दलील सुनी थी और इसके बाद फैसला सुनाने के लिए १० अप्रैल की तारीख तय की ।,Sentence ID:dev-s1372,NOUN ID:31,Word:फैसला,VERB ID:32,Word:सुनाने,relation:obj
"Sentence:बहरहाल, सारस्वत ने कहा कि सात अप्रैल को चीफ ज्यूडिशियल मजिस्ट्रेट ने सलमान की याचिका ठुकरा दी थी ।",Sentence ID:dev-s1375,NOUN ID:16,Word:याचिका,VERB ID:17,Word:ठुकरा,relation:obj
Sentence:भारत और पाकिस्तान के बीच चल रही शांति प्रक्रिया वार्ता की स्थिति के बारे में पूछे जाने पर पाकिस्तानी राष्ट्रपति ने कहा कि विश्वास से काम करने के उपायों की अपेक्षाकृत अच्छे परिणाम हैं लेकिन विवादों के समाधान की दिशा में कोई प्रगति नहीं है ।,Sentence ID:dev-s1398,NOUN ID:26,Word:काम,VERB ID:27,Word:करने,relation:obj
Sentence:संसद के दोनों सदनों में शुक्रवार को राजग ने शून्यकाल के दौरान यह मांग उठाई ।,Sentence ID:dev-s1401,NOUN ID:14,Word:मांग,VERB ID:15,Word:उठाई,relation:obj
Sentence:उन्होंने कहा कि अनिल मथेरानी ने अब एक नई बात कही है कि कांग्रेस पार्टी को इस बारे में पहले से पता था ।,Sentence ID:dev-s1408,NOUN ID:10,Word:बात,VERB ID:11,Word:कही,relation:obj
Sentence:बाद में यह मांग ठुकराए जाने के विरोध में विपक्ष ने सदन की कार्यवाही से वाकआउट कर दिया ।,Sentence ID:dev-s1409,NOUN ID:4,Word:मांग,VERB ID:5,Word:ठुकराए,relation:obj
Sentence:राज्यसभा में प्रतिपक्ष के नेता जसवंत सिंह ने यह मामला उठाया ।,Sentence ID:dev-s1410,NOUN ID:10,Word:मामला,VERB ID:11,Word:उठाया,relation:obj
Sentence:इसके लिए राष्ट्रीय स्तर पर एक एक्शन प्लान बनाया गया है ।,Sentence ID:dev-s1425,NOUN ID:8,Word:प्लान,VERB ID:9,Word:बनाया,relation:obj
Sentence:उन्होंने उम्मीद जताई कि भारत अपने दृष्टिकोण में बदलाव लाएगा ।,Sentence ID:dev-s1438,NOUN ID:9,Word:बदलाव,VERB ID:10,Word:लाएगा,relation:obj
Sentence:मुशर्रफ ने कहा कि भारत की जनता शांति चाहती है और अंतर्राष्ट्रीय समुदाय भी कश्मीर समस्या के समाधान के लिए दबाव बनाता रहा है ।,Sentence ID:dev-s1445,NOUN ID:8,Word:शांति,VERB ID:9,Word:चाहती,relation:obj
Sentence:मुशर्रफ ने कहा कि भारत की जनता शांति चाहती है और अंतर्राष्ट्रीय समुदाय भी कश्मीर समस्या के समाधान के लिए दबाव बनाता रहा है ।,Sentence ID:dev-s1445,NOUN ID:21,Word:दबाव,VERB ID:22,Word:बनाता,relation:obj
Sentence:नक्सली हमले के बाद उत्तर प्रदेश - छत्तीसगढ़ सीमा पर चौकसी बढ़ा दी गई है ।,Sentence ID:dev-s1451,NOUN ID:11,Word:चौकसी,VERB ID:12,Word:बढ़ा,relation:obj
Sentence:पिछले छह महीने से दक्षिण बस्तर के लोग नक्सलियों के खिलाफ अभियान चला रहे हैं ।,Sentence ID:dev-s1465,NOUN ID:12,Word:अभियान,VERB ID:13,Word:चला,relation:obj
"Sentence:यादव ने कहा कि जो लोग उलटी - सीधी टिप्पणियां कर रहे हैं, उन्हें पहले मुंबई और दिल्ली के हालात देखने चाहिए, जहां अपराध का ग्राफ सबसे ऊपर है ।",Sentence ID:dev-s1472,NOUN ID:21,Word:हालात,VERB ID:22,Word:देखने,relation:obj
Sentence:कांग्रेस के साथ अपने संबंधों के बारे में मुख्यमंत्री ने कहा कि इस प्रताड़ना के बावजूद भी उनकी पार्टी समर्थन दे रही है ।,Sentence ID:dev-s1475,NOUN ID:20,Word:समर्थन,VERB ID:21,Word:दे,relation:obj
Sentence:विधानसभा की कार्यवाही शुरू होते ही कांग्रेस सदस्य तारा प्रसाद बाहिनीपति ने एक अखबार लहराते हुए कहा कि इसमें एक अपराधी के साथ सत्तारूढ़ पार्टी के एक सदस्य की तस्वीर छपी है ।,Sentence ID:dev-s1489,NOUN ID:14,Word:अखबार,VERB ID:15,Word:लहराते,relation:obj
Sentence:दरअसल भारतीय मानक ब्यूरो को सबसे ज्यादा खाद्य पदार्थों में मिलावट की शिकायतें मिलती हैं ।,Sentence ID:dev-s1494,NOUN ID:13,Word:शिकायतें,VERB ID:14,Word:मिलती,relation:obj
"Sentence:समझा जाता है कि खुफिया विभाग द्वारा आतंकियों के बीच बातचीत के अंश सुने जाने के बाद अलर्ट जारी किया गया, जिसमें विमान अपहरण के उद्देश्य से आत्मघाती हमले का प्रयास करने के संकेत मिले हैं ।",Sentence ID:dev-s1503,NOUN ID:13,Word:अंश,VERB ID:14,Word:सुने,relation:obj
Sentence:अलर्ट के बाद हवाई अड्डों की सुरक्षा में तैनात केंद्रीय औद्योगिक सुरक्षा बल (सीआईएसएफ) के त्वरित कार्रवाई दलों को तैयार रहने को कहा गया और विभिन्न स्थानों पर अतिरिक्त बैरिकेड लगाकर सुरक्षा इंतजाम बढ़ा दिए गए ।,Sentence ID:dev-s1504,NOUN ID:32,Word:बैरिकेड,VERB ID:33,Word:लगाकर,relation:obj
Sentence:अलर्ट के बाद हवाई अड्डों की सुरक्षा में तैनात केंद्रीय औद्योगिक सुरक्षा बल (सीआईएसएफ) के त्वरित कार्रवाई दलों को तैयार रहने को कहा गया और विभिन्न स्थानों पर अतिरिक्त बैरिकेड लगाकर सुरक्षा इंतजाम बढ़ा दिए गए ।,Sentence ID:dev-s1504,NOUN ID:35,Word:इंतजाम,VERB ID:36,Word:बढ़ा,relation:obj
Sentence:दिल्ली स्थित इंदिरा गांधी हवाई अड्डे पर अतिरिक्त बैरिकेड लगाए गए हैं ।,Sentence ID:dev-s1505,NOUN ID:9,Word:बैरिकेड,VERB ID:10,Word:लगाए,relation:obj
Sentence:श्रीनगर और जम्मू में भी सीआरपीएफ जवानों ने एयरपोर्ट में गश्त बढ़ा दी है और आतंकी हमले को रोकने के लिए परिसर के चारों तरफ बहु - स्तरीय सुरक्षा व्यवस्था कर दी गई है ।,Sentence ID:dev-s1507,NOUN ID:11,Word:गश्त,VERB ID:12,Word:बढ़ा,relation:obj
Sentence:उनके मुताबिक दुनिया में आतंकवाद के मौजूदा परिदृश्य को देखते हुए यह कदम उठाया गया ।,Sentence ID:dev-s1524,NOUN ID:13,Word:कदम,VERB ID:14,Word:उठाया,relation:obj
Sentence:गौरतलब है कि ७ जुलाई को मेट्रो रेल और बस में हुए विस्फोटों में ५० से ज्यादा लोग मारे गए थे और सात सौ से ज्यादा लोग घायल हो गए थे ।,Sentence ID:dev-s1531,NOUN ID:18,Word:लोग,VERB ID:19,Word:मारे,relation:obj
Sentence:शनिवार रात आकलैंड स्थित न्यूजीलैंड मुस्लिम एसोसिएशन मस्जिद की खिड़कियां तोड़ दी गईं ।,Sentence ID:dev-s1534,NOUN ID:10,Word:खिड़कियां,VERB ID:11,Word:तोड़,relation:obj
Sentence:विहिप नेता लगातार दबाव बनाए हुए थे कि आडवाणी का इस्तीफा वापस न हो और उनकी जगह कोई अन्य हिंदुत्व छवि वाला व्यक्ति भाजपा अध्यक्ष पद की कुर्सी संभाले ।,Sentence ID:dev-s1549,NOUN ID:28,Word:कुर्सी,VERB ID:29,Word:संभाले,relation:obj
Sentence:बृहस्पतिवार को शाम पार्टी नेता मुरली मनोहर जोशी के जिन्ना मुद्दे पर आडवाणी के खिलाफ खुलकर सामने आने से विहिप नेताओं को आशा हुई थी कि शायद संघ के दबाव के चलते किसी नए चेहरे को भाजपा अध्यक्ष का पद सौंप दिया जाये ।,Sentence ID:dev-s1550,NOUN ID:40,Word:पद,VERB ID:41,Word:सौंप,relation:obj
Sentence:भारत संचार निगम लिमिटेड ने अपने कर्मचारियों को नए साल पर तोहफे दिए हैं ।,Sentence ID:dev-s1554,NOUN ID:12,Word:तोहफे,VERB ID:13,Word:दिए,relation:obj
"Sentence:कई घंटे तक चली बैठक के बाद ग्रुप सी व डी के कर्मचारियों के लिए कई महत्वपूर्ण निर्णय लिए गए, जो पूरे देश के लिए लागू किए गए हैं ।",Sentence ID:dev-s1560,NOUN ID:18,Word:निर्णय,VERB ID:19,Word:लिए,relation:obj
Sentence:इसके अलावा अन्य शहर के लिए अब 225 रुपए प्रति महीने दिए जाएंगे जबकि पहले केवल 75 रुपये ही कर्मचारियों को मिलते थे ।,Sentence ID:dev-s1566,NOUN ID:11,Word:महीने,VERB ID:12,Word:दिए,relation:obj
Sentence:इसके अलावा ग्रामीण क्षेत्रों में नियुक्त कर्मचारियों को केवल 100 रुपया परिवहन भत्ता दिया जाएगा ।,Sentence ID:dev-s1567,NOUN ID:13,Word:भत्ता,VERB ID:14,Word:दिया,relation:obj
"Sentence:लेकिन, अब वे 5,000 रुपये ले सकते हैं जिसे कर्मचारियों द्वारा विभाग को दस आसान किश्तों में वापस लौटाना होगा ।",Sentence ID:dev-s1569,NOUN ID:6,Word:रुपये,VERB ID:7,Word:ले,relation:obj
Sentence:कर्मचारियों के लिए दिल खोलकर मेहरबान बीएसएनएल अब उनके वेतन का सौ गुना लोन मकान बनाने के लिए देगा ।,Sentence ID:dev-s1570,NOUN ID:4,Word:दिल,VERB ID:5,Word:खोलकर,relation:obj
Sentence:कर्मचारियों के लिए दिल खोलकर मेहरबान बीएसएनएल अब उनके वेतन का सौ गुना लोन मकान बनाने के लिए देगा ।,Sentence ID:dev-s1570,NOUN ID:15,Word:मकान,VERB ID:16,Word:बनाने,relation:obj
Sentence:जैसे किसी कर्मचारी का बेसिक वेतन दस हजार रुपये है तो उसे दस लाख तक का लोन मकान बनाने के लिए दिया जा सकता है ।,Sentence ID:dev-s1571,NOUN ID:18,Word:मकान,VERB ID:19,Word:बनाने,relation:obj
Sentence:इंफाल में असम राइफल के कर्मी द्वारा मनोरमा देवी की तथाकथित हत्या के विरोध में अनेक महिलाओं द्वारा शुक्रवार को कर्फ्र्यू तोड़ने और जुलूस निकालने की कोशिश के दौरान हिंसा भड़कने से कई लोग घायल हो गए ।,Sentence ID:dev-s1574,NOUN ID:21,Word:कर्फ्र्यू,VERB ID:22,Word:तोड़ने,relation:obj
Sentence:इंफाल में असम राइफल के कर्मी द्वारा मनोरमा देवी की तथाकथित हत्या के विरोध में अनेक महिलाओं द्वारा शुक्रवार को कर्फ्र्यू तोड़ने और जुलूस निकालने की कोशिश के दौरान हिंसा भड़कने से कई लोग घायल हो गए ।,Sentence ID:dev-s1574,NOUN ID:24,Word:जुलूस,VERB ID:25,Word:निकालने,relation:obj
Sentence:इंफाल में असम राइफल के कर्मी द्वारा मनोरमा देवी की तथाकथित हत्या के विरोध में अनेक महिलाओं द्वारा शुक्रवार को कर्फ्र्यू तोड़ने और जुलूस निकालने की कोशिश के दौरान हिंसा भड़कने से कई लोग घायल हो गए ।,Sentence ID:dev-s1574,NOUN ID:30,Word:हिंसा,VERB ID:31,Word:भड़कने,relation:obj
Sentence:सरकारी सूत्रों ने कहा कि लोग 10 जुलाई को मनोरमा देवी की हत्या के विरोध में कर्फ्र्यू तोड़ कर जुलूस निकालने की कोशिश कर रहे थे ।,Sentence ID:dev-s1576,NOUN ID:17,Word:कर्फ्र्यू,VERB ID:18,Word:तोड़,relation:obj
Sentence:सरकारी सूत्रों ने कहा कि लोग 10 जुलाई को मनोरमा देवी की हत्या के विरोध में कर्फ्र्यू तोड़ कर जुलूस निकालने की कोशिश कर रहे थे ।,Sentence ID:dev-s1576,NOUN ID:20,Word:जुलूस,VERB ID:21,Word:निकालने,relation:obj
Sentence:भड़की हिंसा के दौरान भीड़ को तितर - बितर करने के लिए पुलिस ने आँसू गैस के गोले छोड़े व हवा में रबर की गोलियाँ चलाई ।,Sentence ID:dev-s1577,NOUN ID:18,Word:गोले,VERB ID:19,Word:छोड़े,relation:obj
Sentence:भड़की हिंसा के दौरान भीड़ को तितर - बितर करने के लिए पुलिस ने आँसू गैस के गोले छोड़े व हवा में रबर की गोलियाँ चलाई ।,Sentence ID:dev-s1577,NOUN ID:25,Word:गोलियाँ,VERB ID:26,Word:चलाई,relation:obj
Sentence:अधिकारिक सूत्रों के मुताबिक अज्ञात लोगों ने कर्फ्र्यू के नियमों का उल्लंघन कर बृहस्पतिवार रात तीन सरकारी कार्यालयों में आग लगा दी ।,Sentence ID:dev-s1580,NOUN ID:20,Word:आग,VERB ID:21,Word:लगा,relation:obj
Sentence:बाद में इसकी एकल निविदा आयोजित की गई ताकि भाजपा सांसदों और भाजपा से करीबी रहने वाले लोगों को इन्हें खरीदने में आसानी हो ।,Sentence ID:dev-s1588,NOUN ID:23,Word:आसानी,VERB ID:24,Word:हो,relation:obj
"Sentence:निरुपम ने आईटीडीसी की परिसंपत्तियों के मूल्याँकन के लिए एजेंसी के चयन की पूरी प्रक्रिया, आरक्षित मूल्य तय करने की शर्त और एक पार्टी को निविदा के लिए इजाज़त देने की सीवीसी से जाँच कराने की माँग की है ।",Sentence ID:dev-s1589,NOUN ID:30,Word:इजाज़त,VERB ID:31,Word:देने,relation:obj
Sentence:कैग रिपोर्ट में दो सेंटॉर होटलों की बिक्री में अनियमितता की बात कही गई थी ।,Sentence ID:dev-s1591,NOUN ID:12,Word:बात,VERB ID:13,Word:कही,relation:obj
Sentence:इस पर कार्रवाई करते हुए सरकार ने निजीकरण की जाँच के आदेश दिए हैं ।,Sentence ID:dev-s1592,NOUN ID:12,Word:आदेश,VERB ID:13,Word:दिए,relation:obj
"Sentence:वरिष्ठ माकपा नेता ज्योति बसु ने बिहार में होने वाले विधानसभा के चुनावों में माकपा, फारवर्ड ब्लॉक व आरएसपी द्वारा लोक - जनशक्ति पार्टी के साथ मिलकर चुनाव लड़ने का फैसला करने पर अफसोस जताया ।",Sentence ID:dev-s1593,NOUN ID:29,Word:चुनाव,VERB ID:30,Word:लड़ने,relation:obj
"Sentence:वरिष्ठ माकपा नेता ज्योति बसु ने बिहार में होने वाले विधानसभा के चुनावों में माकपा, फारवर्ड ब्लॉक व आरएसपी द्वारा लोक - जनशक्ति पार्टी के साथ मिलकर चुनाव लड़ने का फैसला करने पर अफसोस जताया ।",Sentence ID:dev-s1593,NOUN ID:35,Word:अफसोस,VERB ID:36,Word:जताया,relation:obj
"Sentence:उन्होंने कहा कि इससे वाम मतों का विभाजन होगा, जिसका फायदा भाजपा के नेतृत्व वाले राजग को मिलेगा ।",Sentence ID:dev-s1594,NOUN ID:8,Word:विभाजन,VERB ID:9,Word:होगा,relation:obj
Sentence:वाम मतों के विभाजन के बारे में लोगों को निर्णय लेना होगा ।,Sentence ID:dev-s1598,NOUN ID:10,Word:निर्णय,VERB ID:11,Word:लेना,relation:obj
Sentence:उन्होंने कहा कि लालू प्रसाद यादव की राजद के नेतृत्व वाले कांग्रेस व एनसीपी गठबंधन को माकपा समर्थन दे रही है ।,Sentence ID:dev-s1600,NOUN ID:18,Word:समर्थन,VERB ID:19,Word:दे,relation:obj
Sentence:भारत जल्द ही विदेशों में काम कर रहे भारतीय नागरिकों को पेश आ रही आव्रजन संबंधी समस्याओं और स्वदेश में वापसी की निवेश योजनाओं में सहयोग के लिए पाँच देशों में विशेष कार्यालय खोलेगा ।,Sentence ID:dev-s1612,NOUN ID:6,Word:काम,VERB ID:7,Word:कर,relation:obj
Sentence:भारत जल्द ही विदेशों में काम कर रहे भारतीय नागरिकों को पेश आ रही आव्रजन संबंधी समस्याओं और स्वदेश में वापसी की निवेश योजनाओं में सहयोग के लिए पाँच देशों में विशेष कार्यालय खोलेगा ।,Sentence ID:dev-s1612,NOUN ID:33,Word:कार्यालय,VERB ID:34,Word:खोलेगा,relation:obj
"Sentence:इसके अलावा, सरकार बजट सत्र के दौरान संसद में एक बिल लाएगी जिससे प्रवासी भारतीयों को भी मताधिकार मिलेगा ।",Sentence ID:dev-s1613,NOUN ID:12,Word:बिल,VERB ID:13,Word:लाएगी,relation:obj
"Sentence:इसके अलावा, प्रवासी भारतीय मामलों के मंत्री ने बताया कि सरकार मौजूदा बजट सत्र में एक विधेयक पारित कराके प्रवासी भारतीयों को वोट डालने का अधिकार दिलाएगी ।",Sentence ID:dev-s1618,NOUN ID:24,Word:वोट,VERB ID:25,Word:डालने,relation:obj
Sentence:ओजोन परत के संरक्षण के लिए 11वां अन्तर्राष्ट्रीय दिवस मनाया गया ।,Sentence ID:dev-s1626,NOUN ID:9,Word:दिवस,VERB ID:10,Word:मनाया,relation:obj
Sentence:पुरस्कार पाने वालों में उन्नाव के टेलीफोन कर्मचारी संतोष कुमार वाजपेयी भी शामिल हैं ।,Sentence ID:dev-s1627,NOUN ID:1,Word:पुरस्कार,VERB ID:2,Word:पाने,relation:obj
Sentence:उन्होंने दस हेक्टेयर क्षेत्र में दो लाख पौधे लगाने का उल्लेखनीय कार्य किया है ।,Sentence ID:dev-s1628,NOUN ID:8,Word:पौधे,VERB ID:9,Word:लगाने,relation:obj
Sentence:उन्होंने दस हेक्टेयर क्षेत्र में दो लाख पौधे लगाने का उल्लेखनीय कार्य किया है ।,Sentence ID:dev-s1628,NOUN ID:12,Word:कार्य,VERB ID:13,Word:किया,relation:obj
Sentence:प्रधानमंत्री ने कहा कि वह किसानों को मुफ्त बिजली देने के खिलाफ हैं ।,Sentence ID:dev-s1634,NOUN ID:9,Word:बिजली,VERB ID:10,Word:देने,relation:obj
Sentence:अगर किसानों को लगातार बिजली मिले तो वे इसकी क़ीमत चुकाने को तैयार होंगे ।,Sentence ID:dev-s1635,NOUN ID:10,Word:क़ीमत,VERB ID:11,Word:चुकाने,relation:obj
Sentence:इसी वजह से भारत निर्माण कार्यक्रम के तहत एक करोड़ अतिरिक्त भूमि को सिंचित क्षेत्र बनाने का लक्ष्य रखा गया है ।,Sentence ID:dev-s1640,NOUN ID:18,Word:लक्ष्य,VERB ID:19,Word:रखा,relation:obj
Sentence:भारत निर्माण कार्यक्रम के तहत 60 लाख नए मकान बनाए जाएँगे ।,Sentence ID:dev-s1644,NOUN ID:9,Word:मकान,VERB ID:10,Word:बनाए,relation:obj
"Sentence:उन्होंने कहा कि भारत निर्माण के तहत सरकार के काफी ऊँचे लक्ष्य रखे हैं, लेकिन राज्य सरकारों के सक्रिय सहयोग से इन लक्ष्यों को पाने की पूरी - पूरी उम्मीद है ।",Sentence ID:dev-s1648,NOUN ID:12,Word:लक्ष्य,VERB ID:13,Word:रखे,relation:obj
"Sentence:इसके अलावा वह 'कृश', 'ब्लफ मास्टर' और 'गॉड तुसी ग्रेट हो' आदि फिल्मों में भी काम कर रही हैं ।",Sentence ID:dev-s1654,NOUN ID:23,Word:काम,VERB ID:24,Word:कर,relation:obj
Sentence:फरहान अख्तर निर्देशित इस फिल्म में प्रियंका ज़ीनत अमान वाली भूमिका निभाएँगी ।,Sentence ID:dev-s1656,NOUN ID:11,Word:भूमिका,VERB ID:12,Word:निभाएँगी,relation:obj
"Sentence:मंगलवार को नक्सली संगठन पीपुल्स वार ग्रुप ने संघर्ष विराम, इसके लागू होने पर पड़ने वाले प्रभाव का अध्ययन करने के लिए कमेटी बनाने और इसके प्रतिनिधियों को वार्ता में भाग लेने के लिए सुरक्षा देने की माँग की थी ।",Sentence ID:dev-s1659,NOUN ID:24,Word:कमेटी,VERB ID:25,Word:बनाने,relation:obj
"Sentence:मंगलवार को नक्सली संगठन पीपुल्स वार ग्रुप ने संघर्ष विराम, इसके लागू होने पर पड़ने वाले प्रभाव का अध्ययन करने के लिए कमेटी बनाने और इसके प्रतिनिधियों को वार्ता में भाग लेने के लिए सुरक्षा देने की माँग की थी ।",Sentence ID:dev-s1659,NOUN ID:36,Word:सुरक्षा,VERB ID:37,Word:देने,relation:obj
